state,case,dominant_strategy,iteration,probability
S1,"q0=[0.8,0.1,0.1] → ASD1_IPHop",ASD1_IPHop,1,0.8
S1,"q0=[0.8,0.1,0.1] → ASD1_IPHop",ASD1_IPHop,2,0.8055089212679091
S1,"q0=[0.8,0.1,0.1] → ASD1_IPHop",ASD1_IPHop,3,0.8108846572815804
S1,"q0=[0.8,0.1,0.1] → ASD1_IPHop",ASD1_IPHop,4,0.8161290131625888
S1,"q0=[0.8,0.1,0.1] → ASD1_IPHop",ASD1_IPHop,5,0.8212438600384999
S1,"q0=[0.8,0.1,0.1] → ASD1_IPHop",ASD1_IPHop,6,0.8262311274189047
S1,"q0=[0.8,0.1,0.1] → ASD1_IPHop",ASD1_IPHop,7,0.8310927962462569
S1,"q0=[0.8,0.1,0.1] → ASD1_IPHop",ASD1_IPHop,8,0.8358308925414687
S1,"q0=[0.8,0.1,0.1] → ASD1_IPHop",ASD1_IPHop,9,0.8404474815687623
S1,"q0=[0.8,0.1,0.1] → ASD1_IPHop",ASD1_IPHop,10,0.8449446624506302
S1,"q0=[0.8,0.1,0.1] → ASD1_IPHop",ASD1_IPHop,11,0.8493245631712559
S1,"q0=[0.8,0.1,0.1] → ASD1_IPHop",ASD1_IPHop,12,0.8535893359147717
S1,"q0=[0.8,0.1,0.1] → ASD1_IPHop",ASD1_IPHop,13,0.8577411526928364
S1,"q0=[0.8,0.1,0.1] → ASD1_IPHop",ASD1_IPHop,14,0.8617822012238174
S1,"q0=[0.8,0.1,0.1] → ASD1_IPHop",ASD1_IPHop,15,0.8657146810331137
S1,"q0=[0.8,0.1,0.1] → ASD1_IPHop",ASD1_IPHop,16,0.8695407997506731
S1,"q0=[0.8,0.1,0.1] → ASD1_IPHop",ASD1_IPHop,17,0.8732627695874645
S1,"q0=[0.8,0.1,0.1] → ASD1_IPHop",ASD1_IPHop,18,0.8768828039774967
S1,"q0=[0.8,0.1,0.1] → ASD1_IPHop",ASD1_IPHop,19,0.8804031143759801
S1,"q0=[0.8,0.1,0.1] → ASD1_IPHop",ASD1_IPHop,20,0.8838259072074195
S1,"q0=[0.8,0.1,0.1] → ASD1_IPHop",ASD1_IPHop,21,0.8871533809598844
S1,"q0=[0.8,0.1,0.1] → ASD1_IPHop",ASD1_IPHop,22,0.8903877234235169
S1,"q0=[0.8,0.1,0.1] → ASD1_IPHop",ASD1_IPHop,23,0.8935311090725807
S1,"q0=[0.8,0.1,0.1] → ASD1_IPHop",ASD1_IPHop,24,0.896585696591115
S1,"q0=[0.8,0.1,0.1] → ASD1_IPHop",ASD1_IPHop,25,0.899553626542649
S1,"q0=[0.8,0.1,0.1] → ASD1_IPHop",ASD1_IPHop,26,0.9024370191844754
S1,"q0=[0.8,0.1,0.1] → ASD1_IPHop",ASD1_IPHop,27,0.9052379724268245
S1,"q0=[0.8,0.1,0.1] → ASD1_IPHop",ASD1_IPHop,28,0.9079585599369118
S1,"q0=[0.8,0.1,0.1] → ASD1_IPHop",ASD1_IPHop,29,0.9106008293873629
S1,"q0=[0.8,0.1,0.1] → ASD1_IPHop",ASD1_IPHop,30,0.9131668008479653
S1,"q0=[0.8,0.1,0.1] → ASD1_IPHop",ASD1_IPHop,31,0.9156584653191002
S1,"q0=[0.8,0.1,0.1] → ASD1_IPHop",ASD1_IPHop,32,0.9180777834046121
S1,"q0=[0.8,0.1,0.1] → ASD1_IPHop",ASD1_IPHop,33,0.9204266841212856
S1,"q0=[0.8,0.1,0.1] → ASD1_IPHop",ASD1_IPHop,34,0.9227070638415501
S1,"q0=[0.8,0.1,0.1] → ASD1_IPHop",ASD1_IPHop,35,0.9249207853655267
S1,"q0=[0.8,0.1,0.1] → ASD1_IPHop",ASD1_IPHop,36,0.9270696771180835
S1,"q0=[0.8,0.1,0.1] → ASD1_IPHop",ASD1_IPHop,37,0.9291555324661764
S1,"q0=[0.8,0.1,0.1] → ASD1_IPHop",ASD1_IPHop,38,0.9311801091514318
S1,"q0=[0.8,0.1,0.1] → ASD1_IPHop",ASD1_IPHop,39,0.9331451288326581
S1,"q0=[0.8,0.1,0.1] → ASD1_IPHop",ASD1_IPHop,40,0.9350522767327841
S1,"q0=[0.8,0.1,0.1] → ASD1_IPHop",ASD1_IPHop,41,0.9369032013845721
S1,"q0=[0.8,0.1,0.1] → ASD1_IPHop",ASD1_IPHop,42,0.9386995144693764
S1,"q0=[0.8,0.1,0.1] → ASD1_IPHop",ASD1_IPHop,43,0.9404427907431808
S1,"q0=[0.8,0.1,0.1] → ASD1_IPHop",ASD1_IPHop,44,0.9421345680441597
S1,"q0=[0.8,0.1,0.1] → ASD1_IPHop",ASD1_IPHop,45,0.9437763473760646
S1,"q0=[0.8,0.1,0.1] → ASD1_IPHop",ASD1_IPHop,46,0.9453695930618229
S1,"q0=[0.8,0.1,0.1] → ASD1_IPHop",ASD1_IPHop,47,0.9469157329618624
S1,"q0=[0.8,0.1,0.1] → ASD1_IPHop",ASD1_IPHop,48,0.948416158751817
S1,"q0=[0.8,0.1,0.1] → ASD1_IPHop",ASD1_IPHop,49,0.9498722262544401
S1,"q0=[0.8,0.1,0.1] → ASD1_IPHop",ASD1_IPHop,50,0.9512852558207437
S1,"q0=[0.8,0.1,0.1] → ASD1_IPHop",ASD1_IPHop,51,0.9526565327555766
S1,"q0=[0.8,0.1,0.1] → ASD1_IPHop",ASD1_IPHop,52,0.9539873077830712
S1,"q0=[0.8,0.1,0.1] → ASD1_IPHop",ASD1_IPHop,53,0.9552787975476087
S1,"q0=[0.8,0.1,0.1] → ASD1_IPHop",ASD1_IPHop,54,0.956532185146174
S1,"q0=[0.8,0.1,0.1] → ASD1_IPHop",ASD1_IPHop,55,0.9577486206882018
S1,"q0=[0.8,0.1,0.1] → ASD1_IPHop",ASD1_IPHop,56,0.9589292218792399
S1,"q0=[0.8,0.1,0.1] → ASD1_IPHop",ASD1_IPHop,57,0.9600750746249822
S1,"q0=[0.8,0.1,0.1] → ASD1_IPHop",ASD1_IPHop,58,0.9611872336524474
S1,"q0=[0.8,0.1,0.1] → ASD1_IPHop",ASD1_IPHop,59,0.9622667231452916
S1,"q0=[0.8,0.1,0.1] → ASD1_IPHop",ASD1_IPHop,60,0.9633145373904619
S1,"q0=[0.8,0.1,0.1] → ASD1_IPHop",ASD1_IPHop,61,0.964331641433598
S1,"q0=[0.8,0.1,0.1] → ASD1_IPHop",ASD1_IPHop,62,0.9653189717407878
S1,"q0=[0.8,0.1,0.1] → ASD1_IPHop",ASD1_IPHop,63,0.9662774368644745
S1,"q0=[0.8,0.1,0.1] → ASD1_IPHop",ASD1_IPHop,64,0.9672079181114932
S1,"q0=[0.8,0.1,0.1] → ASD1_IPHop",ASD1_IPHop,65,0.9681112702113865
S1,"q0=[0.8,0.1,0.1] → ASD1_IPHop",ASD1_IPHop,66,0.9689883219833184
S1,"q0=[0.8,0.1,0.1] → ASD1_IPHop",ASD1_IPHop,67,0.9698398770000559
S1,"q0=[0.8,0.1,0.1] → ASD1_IPHop",ASD1_IPHop,68,0.9706667142476381
S1,"q0=[0.8,0.1,0.1] → ASD1_IPHop",ASD1_IPHop,69,0.9714695887794915
S1,"q0=[0.8,0.1,0.1] → ASD1_IPHop",ASD1_IPHop,70,0.972249232363877
S1,"q0=[0.8,0.1,0.1] → ASD1_IPHop",ASD1_IPHop,71,0.9730063541236813
S1,"q0=[0.8,0.1,0.1] → ASD1_IPHop",ASD1_IPHop,72,0.973741641167674
S1,"q0=[0.8,0.1,0.1] → ASD1_IPHop",ASD1_IPHop,73,0.9744557592124625
S1,"q0=[0.8,0.1,0.1] → ASD1_IPHop",ASD1_IPHop,74,0.9751493531944688
S1,"q0=[0.8,0.1,0.1] → ASD1_IPHop",ASD1_IPHop,75,0.9758230478713544
S1,"q0=[0.8,0.1,0.1] → ASD1_IPHop",ASD1_IPHop,76,0.9764774484123919
S1,"q0=[0.8,0.1,0.1] → ASD1_IPHop",ASD1_IPHop,77,0.9771131409773698
S1,"q0=[0.8,0.1,0.1] → ASD1_IPHop",ASD1_IPHop,78,0.9777306932836826
S1,"q0=[0.8,0.1,0.1] → ASD1_IPHop",ASD1_IPHop,79,0.9783306551613287
S1,"q0=[0.8,0.1,0.1] → ASD1_IPHop",ASD1_IPHop,80,0.978913559095596
S1,"q0=[0.8,0.1,0.1] → ASD1_IPHop",ASD1_IPHop,81,0.9794799207572704
S1,"q0=[0.8,0.1,0.1] → ASD1_IPHop",ASD1_IPHop,82,0.9800302395202579
S1,"q0=[0.8,0.1,0.1] → ASD1_IPHop",ASD1_IPHop,83,0.9805649989665469
S1,"q0=[0.8,0.1,0.1] → ASD1_IPHop",ASD1_IPHop,84,0.9810846673784896
S1,"q0=[0.8,0.1,0.1] → ASD1_IPHop",ASD1_IPHop,85,0.9815896982184107
S1,"q0=[0.8,0.1,0.1] → ASD1_IPHop",ASD1_IPHop,86,0.9820805305955883
S1,"q0=[0.8,0.1,0.1] → ASD1_IPHop",ASD1_IPHop,87,0.9825575897206842
S1,"q0=[0.8,0.1,0.1] → ASD1_IPHop",ASD1_IPHop,88,0.9830212873477225
S1,"q0=[0.8,0.1,0.1] → ASD1_IPHop",ASD1_IPHop,89,0.9834720222037439
S1,"q0=[0.8,0.1,0.1] → ASD1_IPHop",ASD1_IPHop,90,0.9839101804062806
S1,"q0=[0.8,0.1,0.1] → ASD1_IPHop",ASD1_IPHop,91,0.9843361358688207
S1,"q0=[0.8,0.1,0.1] → ASD1_IPHop",ASD1_IPHop,92,0.9847502506944379
S1,"q0=[0.8,0.1,0.1] → ASD1_IPHop",ASD1_IPHop,93,0.9851528755577867
S1,"q0=[0.8,0.1,0.1] → ASD1_IPHop",ASD1_IPHop,94,0.9855443500756687
S1,"q0=[0.8,0.1,0.1] → ASD1_IPHop",ASD1_IPHop,95,0.9859250031663848
S1,"q0=[0.8,0.1,0.1] → ASD1_IPHop",ASD1_IPHop,96,0.9862951533981024
S1,"q0=[0.8,0.1,0.1] → ASD1_IPHop",ASD1_IPHop,97,0.9866551093264707
S1,"q0=[0.8,0.1,0.1] → ASD1_IPHop",ASD1_IPHop,98,0.9870051698217166
S1,"q0=[0.8,0.1,0.1] → ASD1_IPHop",ASD1_IPHop,99,0.9873456243854705
S1,"q0=[0.8,0.1,0.1] → ASD1_IPHop",ASD1_IPHop,100,0.9876767534575628
S1,"q0=[0.8,0.1,0.1] → ASD1_IPHop",ASD1_IPHop,101,0.9879988287130412
S1,"q0=[0.8,0.1,0.1] → ASD1_IPHop",ASD1_IPHop,102,0.9883121133496551
S1,"q0=[0.8,0.1,0.1] → ASD1_IPHop",ASD1_IPHop,103,0.9886168623660563
S1,"q0=[0.8,0.1,0.1] → ASD1_IPHop",ASD1_IPHop,104,0.988913322830967
S1,"q0=[0.8,0.1,0.1] → ASD1_IPHop",ASD1_IPHop,105,0.9892017341435589
S1,"q0=[0.8,0.1,0.1] → ASD1_IPHop",ASD1_IPHop,106,0.98948232828529
S1,"q0=[0.8,0.1,0.1] → ASD1_IPHop",ASD1_IPHop,107,0.9897553300634429
S1,"q0=[0.8,0.1,0.1] → ASD1_IPHop",ASD1_IPHop,108,0.9900209573466032
S1,"q0=[0.8,0.1,0.1] → ASD1_IPHop",ASD1_IPHop,109,0.9902794212923169
S1,"q0=[0.8,0.1,0.1] → ASD1_IPHop",ASD1_IPHop,110,0.9905309265671608
S1,"q0=[0.8,0.1,0.1] → ASD1_IPHop",ASD1_IPHop,111,0.9907756715594518
S1,"q0=[0.8,0.1,0.1] → ASD1_IPHop",ASD1_IPHop,112,0.991013848584826
S1,"q0=[0.8,0.1,0.1] → ASD1_IPHop",ASD1_IPHop,113,0.991245644084906
S1,"q0=[0.8,0.1,0.1] → ASD1_IPHop",ASD1_IPHop,114,0.9914712388192729
S1,"q0=[0.8,0.1,0.1] → ASD1_IPHop",ASD1_IPHop,115,0.9916908080509577
S1,"q0=[0.8,0.1,0.1] → ASD1_IPHop",ASD1_IPHop,116,0.9919045217256567
S1,"q0=[0.8,0.1,0.1] → ASD1_IPHop",ASD1_IPHop,117,0.9921125446448756
S1,"q0=[0.8,0.1,0.1] → ASD1_IPHop",ASD1_IPHop,118,0.9923150366331992
S1,"q0=[0.8,0.1,0.1] → ASD1_IPHop",ASD1_IPHop,119,0.992512152699879
S1,"q0=[0.8,0.1,0.1] → ASD1_IPHop",ASD1_IPHop,120,0.9927040431949277
S1,"q0=[0.1,0.8,0.1] → ASD1+ASD3_IP+ProtoHop",ASD1+ASD3_IP+ProtoHop,1,0.8
S1,"q0=[0.1,0.8,0.1] → ASD1+ASD3_IP+ProtoHop",ASD1+ASD3_IP+ProtoHop,2,0.794312917790445
S1,"q0=[0.1,0.8,0.1] → ASD1+ASD3_IP+ProtoHop",ASD1+ASD3_IP+ProtoHop,3,0.7884783524336413
S1,"q0=[0.1,0.8,0.1] → ASD1+ASD3_IP+ProtoHop",ASD1+ASD3_IP+ProtoHop,4,0.7824941071714324
S1,"q0=[0.1,0.8,0.1] → ASD1+ASD3_IP+ProtoHop",ASD1+ASD3_IP+ProtoHop,5,0.7763581415765323
S1,"q0=[0.1,0.8,0.1] → ASD1+ASD3_IP+ProtoHop",ASD1+ASD3_IP+ProtoHop,6,0.7700685907555218
S1,"q0=[0.1,0.8,0.1] → ASD1+ASD3_IP+ProtoHop",ASD1+ASD3_IP+ProtoHop,7,0.7636237844450212
S1,"q0=[0.1,0.8,0.1] → ASD1+ASD3_IP+ProtoHop",ASD1+ASD3_IP+ProtoHop,8,0.7570222659239741
S1,"q0=[0.1,0.8,0.1] → ASD1+ASD3_IP+ProtoHop",ASD1+ASD3_IP+ProtoHop,9,0.7502628106743009
S1,"q0=[0.1,0.8,0.1] → ASD1+ASD3_IP+ProtoHop",ASD1+ASD3_IP+ProtoHop,10,0.7433444447264871
S1,"q0=[0.1,0.8,0.1] → ASD1+ASD3_IP+ProtoHop",ASD1+ASD3_IP+ProtoHop,11,0.7362664626265185
S1,"q0=[0.1,0.8,0.1] → ASD1+ASD3_IP+ProtoHop",ASD1+ASD3_IP+ProtoHop,12,0.7290284449566365
S1,"q0=[0.1,0.8,0.1] → ASD1+ASD3_IP+ProtoHop",ASD1+ASD3_IP+ProtoHop,13,0.7216302753355442
S1,"q0=[0.1,0.8,0.1] → ASD1+ASD3_IP+ProtoHop",ASD1+ASD3_IP+ProtoHop,14,0.7140721568147443
S1,"q0=[0.1,0.8,0.1] → ASD1+ASD3_IP+ProtoHop",ASD1+ASD3_IP+ProtoHop,15,0.706354627577502
S1,"q0=[0.1,0.8,0.1] → ASD1+ASD3_IP+ProtoHop",ASD1+ASD3_IP+ProtoHop,16,0.6984785758362186
S1,"q0=[0.1,0.8,0.1] → ASD1+ASD3_IP+ProtoHop",ASD1+ASD3_IP+ProtoHop,17,0.6904452538134674
S1,"q0=[0.1,0.8,0.1] → ASD1+ASD3_IP+ProtoHop",ASD1+ASD3_IP+ProtoHop,18,0.6822562906821689
S1,"q0=[0.1,0.8,0.1] → ASD1+ASD3_IP+ProtoHop",ASD1+ASD3_IP+ProtoHop,19,0.6739137043318705
S1,"q0=[0.1,0.8,0.1] → ASD1+ASD3_IP+ProtoHop",ASD1+ASD3_IP+ProtoHop,20,0.6654199118212757
S1,"q0=[0.1,0.8,0.1] → ASD1+ASD3_IP+ProtoHop",ASD1+ASD3_IP+ProtoHop,21,0.6567777383724024
S1,"q0=[0.1,0.8,0.1] → ASD1+ASD3_IP+ProtoHop",ASD1+ASD3_IP+ProtoHop,22,0.6479904247593334
S1,"q0=[0.1,0.8,0.1] → ASD1+ASD3_IP+ProtoHop",ASD1+ASD3_IP+ProtoHop,23,0.639061632944686
S1,"q0=[0.1,0.8,0.1] → ASD1+ASD3_IP+ProtoHop",ASD1+ASD3_IP+ProtoHop,24,0.629995449819853
S1,"q0=[0.1,0.8,0.1] → ASD1+ASD3_IP+ProtoHop",ASD1+ASD3_IP+ProtoHop,25,0.620796388910898
S1,"q0=[0.1,0.8,0.1] → ASD1+ASD3_IP+ProtoHop",ASD1+ASD3_IP+ProtoHop,26,0.611469389920758
S1,"q0=[0.1,0.8,0.1] → ASD1+ASD3_IP+ProtoHop",ASD1+ASD3_IP+ProtoHop,27,0.602019815990186
S1,"q0=[0.1,0.8,0.1] → ASD1+ASD3_IP+ProtoHop",ASD1+ASD3_IP+ProtoHop,28,0.5924534485745605
S1,"q0=[0.1,0.8,0.1] → ASD1+ASD3_IP+ProtoHop",ASD1+ASD3_IP+ProtoHop,29,0.5827764798512599
S1,"q0=[0.1,0.8,0.1] → ASD1+ASD3_IP+ProtoHop",ASD1+ASD3_IP+ProtoHop,30,0.5729955025925272
S1,"q0=[0.1,0.8,0.1] → ASD1+ASD3_IP+ProtoHop",ASD1+ASD3_IP+ProtoHop,31,0.5631174974614828
S1,"q0=[0.1,0.8,0.1] → ASD1+ASD3_IP+ProtoHop",ASD1+ASD3_IP+ProtoHop,32,0.5531498177138439
S1,"q0=[0.1,0.8,0.1] → ASD1+ASD3_IP+ProtoHop",ASD1+ASD3_IP+ProtoHop,33,0.5431001713146826
S1,"q0=[0.1,0.8,0.1] → ASD1+ASD3_IP+ProtoHop",ASD1+ASD3_IP+ProtoHop,34,0.5329766005077908
S1,"q0=[0.1,0.8,0.1] → ASD1+ASD3_IP+ProtoHop",ASD1+ASD3_IP+ProtoHop,35,0.522787458904477
S1,"q0=[0.1,0.8,0.1] → ASD1+ASD3_IP+ProtoHop",ASD1+ASD3_IP+ProtoHop,36,0.5125413861884175
S1,"q0=[0.1,0.8,0.1] → ASD1+ASD3_IP+ProtoHop",ASD1+ASD3_IP+ProtoHop,37,0.502247280563007
S1,"q0=[0.1,0.8,0.1] → ASD1+ASD3_IP+ProtoHop",ASD1+ASD3_IP+ProtoHop,38,0.49191426909693753
S1,"q0=[0.1,0.8,0.1] → ASD1+ASD3_IP+ProtoHop",ASD1+ASD3_IP+ProtoHop,39,0.48155167615195404
S1,"q0=[0.1,0.8,0.1] → ASD1+ASD3_IP+ProtoHop",ASD1+ASD3_IP+ProtoHop,40,0.4711689901033146
S1,"q0=[0.1,0.8,0.1] → ASD1+ASD3_IP+ProtoHop",ASD1+ASD3_IP+ProtoHop,41,0.46077582858788824
S1,"q0=[0.1,0.8,0.1] → ASD1+ASD3_IP+ProtoHop",ASD1+ASD3_IP+ProtoHop,42,0.45038190253655397
S1,"q0=[0.1,0.8,0.1] → ASD1+ASD3_IP+ProtoHop",ASD1+ASD3_IP+ProtoHop,43,0.4399969792661464
S1,"q0=[0.1,0.8,0.1] → ASD1+ASD3_IP+ProtoHop",ASD1+ASD3_IP+ProtoHop,44,0.42963084492121895
S1,"q0=[0.1,0.8,0.1] → ASD1+ASD3_IP+ProtoHop",ASD1+ASD3_IP+ProtoHop,45,0.4192932665670286
S1,"q0=[0.1,0.8,0.1] → ASD1+ASD3_IP+ProtoHop",ASD1+ASD3_IP+ProtoHop,46,0.40899395424211893
S1,"q0=[0.1,0.8,0.1] → ASD1+ASD3_IP+ProtoHop",ASD1+ASD3_IP+ProtoHop,47,0.39874252328152493
S1,"q0=[0.1,0.8,0.1] → ASD1+ASD3_IP+ProtoHop",ASD1+ASD3_IP+ProtoHop,48,0.388548457219848
S1,"q0=[0.1,0.8,0.1] → ASD1+ASD3_IP+ProtoHop",ASD1+ASD3_IP+ProtoHop,49,0.3784210715772848
S1,"q0=[0.1,0.8,0.1] → ASD1+ASD3_IP+ProtoHop",ASD1+ASD3_IP+ProtoHop,50,0.3683694788212285
S1,"q0=[0.1,0.8,0.1] → ASD1+ASD3_IP+ProtoHop",ASD1+ASD3_IP+ProtoHop,51,0.3584025547815132
S1,"q0=[0.1,0.8,0.1] → ASD1+ASD3_IP+ProtoHop",ASD1+ASD3_IP+ProtoHop,52,0.34852890677901804
S1,"q0=[0.1,0.8,0.1] → ASD1+ASD3_IP+ProtoHop",ASD1+ASD3_IP+ProtoHop,53,0.3387568437055622
S1,"q0=[0.1,0.8,0.1] → ASD1+ASD3_IP+ProtoHop",ASD1+ASD3_IP+ProtoHop,54,0.32909434826823675
S1,"q0=[0.1,0.8,0.1] → ASD1+ASD3_IP+ProtoHop",ASD1+ASD3_IP+ProtoHop,55,0.3195490515840218
S1,"q0=[0.1,0.8,0.1] → ASD1+ASD3_IP+ProtoHop",ASD1+ASD3_IP+ProtoHop,56,0.3101282102812689
S1,"q0=[0.1,0.8,0.1] → ASD1+ASD3_IP+ProtoHop",ASD1+ASD3_IP+ProtoHop,57,0.300838686233936
S1,"q0=[0.1,0.8,0.1] → ASD1+ASD3_IP+ProtoHop",ASD1+ASD3_IP+ProtoHop,58,0.2916869290229319
S1,"q0=[0.1,0.8,0.1] → ASD1+ASD3_IP+ProtoHop",ASD1+ASD3_IP+ProtoHop,59,0.28267896118711433
S1,"q0=[0.1,0.8,0.1] → ASD1+ASD3_IP+ProtoHop",ASD1+ASD3_IP+ProtoHop,60,0.27382036629495154
S1,"q0=[0.1,0.8,0.1] → ASD1+ASD3_IP+ProtoHop",ASD1+ASD3_IP+ProtoHop,61,0.2651162798371235
S1,"q0=[0.1,0.8,0.1] → ASD1+ASD3_IP+ProtoHop",ASD1+ASD3_IP+ProtoHop,62,0.2565713829108826
S1,"q0=[0.1,0.8,0.1] → ASD1+ASD3_IP+ProtoHop",ASD1+ASD3_IP+ProtoHop,63,0.24818989863925103
S1,"q0=[0.1,0.8,0.1] → ASD1+ASD3_IP+ProtoHop",ASD1+ASD3_IP+ProtoHop,64,0.23997559124247217
S1,"q0=[0.1,0.8,0.1] → ASD1+ASD3_IP+ProtoHop",ASD1+ASD3_IP+ProtoHop,65,0.23193176765586812
S1,"q0=[0.1,0.8,0.1] → ASD1+ASD3_IP+ProtoHop",ASD1+ASD3_IP+ProtoHop,66,0.2240612815676238
S1,"q0=[0.1,0.8,0.1] → ASD1+ASD3_IP+ProtoHop",ASD1+ASD3_IP+ProtoHop,67,0.2163665397321944
S1,"q0=[0.1,0.8,0.1] → ASD1+ASD3_IP+ProtoHop",ASD1+ASD3_IP+ProtoHop,68,0.2088495104001283
S1,"q0=[0.1,0.8,0.1] → ASD1+ASD3_IP+ProtoHop",ASD1+ASD3_IP+ProtoHop,69,0.20151173369314504
S1,"q0=[0.1,0.8,0.1] → ASD1+ASD3_IP+ProtoHop",ASD1+ASD3_IP+ProtoHop,70,0.19435433374430075
S1,"q0=[0.1,0.8,0.1] → ASD1+ASD3_IP+ProtoHop",ASD1+ASD3_IP+ProtoHop,71,0.18737803241692558
S1,"q0=[0.1,0.8,0.1] → ASD1+ASD3_IP+ProtoHop",ASD1+ASD3_IP+ProtoHop,72,0.18058316441261957
S1,"q0=[0.1,0.8,0.1] → ASD1+ASD3_IP+ProtoHop",ASD1+ASD3_IP+ProtoHop,73,0.17396969357777248
S1,"q0=[0.1,0.8,0.1] → ASD1+ASD3_IP+ProtoHop",ASD1+ASD3_IP+ProtoHop,74,0.1675372302196383
S1,"q0=[0.1,0.8,0.1] → ASD1+ASD3_IP+ProtoHop",ASD1+ASD3_IP+ProtoHop,75,0.16128504924671963
S1,"q0=[0.1,0.8,0.1] → ASD1+ASD3_IP+ProtoHop",ASD1+ASD3_IP+ProtoHop,76,0.15521210895386262
S1,"q0=[0.1,0.8,0.1] → ASD1+ASD3_IP+ProtoHop",ASD1+ASD3_IP+ProtoHop,77,0.14931707027977106
S1,"q0=[0.1,0.8,0.1] → ASD1+ASD3_IP+ProtoHop",ASD1+ASD3_IP+ProtoHop,78,0.14359831637336726
S1,"q0=[0.1,0.8,0.1] → ASD1+ASD3_IP+ProtoHop",ASD1+ASD3_IP+ProtoHop,79,0.13805397231529198
S1,"q0=[0.1,0.8,0.1] → ASD1+ASD3_IP+ProtoHop",ASD1+ASD3_IP+ProtoHop,80,0.1326819248516029
S1,"q0=[0.1,0.8,0.1] → ASD1+ASD3_IP+ProtoHop",ASD1+ASD3_IP+ProtoHop,81,0.1274798420081556
S1,"q0=[0.1,0.8,0.1] → ASD1+ASD3_IP+ProtoHop",ASD1+ASD3_IP+ProtoHop,82,0.12244519246600949
S1,"q0=[0.1,0.8,0.1] → ASD1+ASD3_IP+ProtoHop",ASD1+ASD3_IP+ProtoHop,83,0.11757526459028561
S1,"q0=[0.1,0.8,0.1] → ASD1+ASD3_IP+ProtoHop",ASD1+ASD3_IP+ProtoHop,84,0.11286718501702446
S1,"q0=[0.1,0.8,0.1] → ASD1+ASD3_IP+ProtoHop",ASD1+ASD3_IP+ProtoHop,85,0.10831793671458288
S1,"q0=[0.1,0.8,0.1] → ASD1+ASD3_IP+ProtoHop",ASD1+ASD3_IP+ProtoHop,86,0.1039243764478243
S1,"q0=[0.1,0.8,0.1] → ASD1+ASD3_IP+ProtoHop",ASD1+ASD3_IP+ProtoHop,87,0.09968325158466748
S1,"q0=[0.1,0.8,0.1] → ASD1+ASD3_IP+ProtoHop",ASD1+ASD3_IP+ProtoHop,88,0.0955912161953701
S1,"q0=[0.1,0.8,0.1] → ASD1+ASD3_IP+ProtoHop",ASD1+ASD3_IP+ProtoHop,89,0.09164484640514302
S1,"q0=[0.1,0.8,0.1] → ASD1+ASD3_IP+ProtoHop",ASD1+ASD3_IP+ProtoHop,90,0.08784065497026204
S1,"q0=[0.1,0.8,0.1] → ASD1+ASD3_IP+ProtoHop",ASD1+ASD3_IP+ProtoHop,91,0.08417510505671784
S1,"q0=[0.1,0.8,0.1] → ASD1+ASD3_IP+ProtoHop",ASD1+ASD3_IP+ProtoHop,92,0.08064462320859181
S1,"q0=[0.1,0.8,0.1] → ASD1+ASD3_IP+ProtoHop",ASD1+ASD3_IP+ProtoHop,93,0.07724561150075301
S1,"q0=[0.1,0.8,0.1] → ASD1+ASD3_IP+ProtoHop",ASD1+ASD3_IP+ProtoHop,94,0.07397445887713432
S1,"q0=[0.1,0.8,0.1] → ASD1+ASD3_IP+ProtoHop",ASD1+ASD3_IP+ProtoHop,95,0.07082755168177557
S1,"q0=[0.1,0.8,0.1] → ASD1+ASD3_IP+ProtoHop",ASD1+ASD3_IP+ProtoHop,96,0.06780128339503634
S1,"q0=[0.1,0.8,0.1] → ASD1+ASD3_IP+ProtoHop",ASD1+ASD3_IP+ProtoHop,97,0.06489206359190436
S1,"q0=[0.1,0.8,0.1] → ASD1+ASD3_IP+ProtoHop",ASD1+ASD3_IP+ProtoHop,98,0.062096326143193915
S1,"q0=[0.1,0.8,0.1] → ASD1+ASD3_IP+ProtoHop",ASD1+ASD3_IP+ProtoHop,99,0.05941053668367575
S1,"q0=[0.1,0.8,0.1] → ASD1+ASD3_IP+ProtoHop",ASD1+ASD3_IP+ProtoHop,100,0.0568311993738467
S1,"q0=[0.1,0.8,0.1] → ASD1+ASD3_IP+ProtoHop",ASD1+ASD3_IP+ProtoHop,101,0.054354862984179145
S1,"q0=[0.1,0.8,0.1] → ASD1+ASD3_IP+ProtoHop",ASD1+ASD3_IP+ProtoHop,102,0.051978126332327484
S1,"q0=[0.1,0.8,0.1] → ASD1+ASD3_IP+ProtoHop",ASD1+ASD3_IP+ProtoHop,103,0.049697643104958424
S1,"q0=[0.1,0.8,0.1] → ASD1+ASD3_IP+ProtoHop",ASD1+ASD3_IP+ProtoHop,104,0.047510126096657695
S1,"q0=[0.1,0.8,0.1] → ASD1+ASD3_IP+ProtoHop",ASD1+ASD3_IP+ProtoHop,105,0.0454123508987892
S1,"q0=[0.1,0.8,0.1] → ASD1+ASD3_IP+ProtoHop",ASD1+ASD3_IP+ProtoHop,106,0.043401159071288144
S1,"q0=[0.1,0.8,0.1] → ASD1+ASD3_IP+ProtoHop",ASD1+ASD3_IP+ProtoHop,107,0.04147346083019461
S1,"q0=[0.1,0.8,0.1] → ASD1+ASD3_IP+ProtoHop",ASD1+ASD3_IP+ProtoHop,108,0.03962623728331705
S1,"q0=[0.1,0.8,0.1] → ASD1+ASD3_IP+ProtoHop",ASD1+ASD3_IP+ProtoHop,109,0.03785654224579245
S1,"q0=[0.1,0.8,0.1] → ASD1+ASD3_IP+ProtoHop",ASD1+ASD3_IP+ProtoHop,110,0.036161503666511836
S1,"q0=[0.1,0.8,0.1] → ASD1+ASD3_IP+ProtoHop",ASD1+ASD3_IP+ProtoHop,111,0.03453832469543915
S1,"q0=[0.1,0.8,0.1] → ASD1+ASD3_IP+ProtoHop",ASD1+ASD3_IP+ProtoHop,112,0.032984284420794076
S1,"q0=[0.1,0.8,0.1] → ASD1+ASD3_IP+ProtoHop",ASD1+ASD3_IP+ProtoHop,113,0.031496738303920614
S1,"q0=[0.1,0.8,0.1] → ASD1+ASD3_IP+ProtoHop",ASD1+ASD3_IP+ProtoHop,114,0.030073118338445975
S1,"q0=[0.1,0.8,0.1] → ASD1+ASD3_IP+ProtoHop",ASD1+ASD3_IP+ProtoHop,115,0.02871093295906774
S1,"q0=[0.1,0.8,0.1] → ASD1+ASD3_IP+ProtoHop",ASD1+ASD3_IP+ProtoHop,116,0.027407766724010033
S1,"q0=[0.1,0.8,0.1] → ASD1+ASD3_IP+ProtoHop",ASD1+ASD3_IP+ProtoHop,117,0.026161279793875968
S1,"q0=[0.1,0.8,0.1] → ASD1+ASD3_IP+ProtoHop",ASD1+ASD3_IP+ProtoHop,118,0.02496920722830849
S1,"q0=[0.1,0.8,0.1] → ASD1+ASD3_IP+ProtoHop",ASD1+ASD3_IP+ProtoHop,119,0.023829358120565372
S1,"q0=[0.1,0.8,0.1] → ASD1+ASD3_IP+ProtoHop",ASD1+ASD3_IP+ProtoHop,120,0.02273961458882728
S1,"q0=[0.1,0.1,0.8] → ASD1+TimeRand",ASD1+TimeRand,1,0.8
S1,"q0=[0.1,0.1,0.8] → ASD1+TimeRand",ASD1+TimeRand,2,0.7999954055288678
S1,"q0=[0.1,0.1,0.8] → ASD1+TimeRand",ASD1+TimeRand,3,0.7999028884530837
S1,"q0=[0.1,0.1,0.8] → ASD1+TimeRand",ASD1+TimeRand,4,0.7997220543088774
S1,"q0=[0.1,0.1,0.8] → ASD1+TimeRand",ASD1+TimeRand,5,0.7994525081848427
S1,"q0=[0.1,0.1,0.8] → ASD1+TimeRand",ASD1+TimeRand,6,0.7990938582831655
S1,"q0=[0.1,0.1,0.8] → ASD1+TimeRand",ASD1+TimeRand,7,0.7986457193465316
S1,"q0=[0.1,0.1,0.8] → ASD1+TimeRand",ASD1+TimeRand,8,0.7981077159037103
S1,"q0=[0.1,0.1,0.8] → ASD1+TimeRand",ASD1+TimeRand,9,0.7974794853000736
S1,"q0=[0.1,0.1,0.8] → ASD1+TimeRand",ASD1+TimeRand,10,0.7967606804915425
S1,"q0=[0.1,0.1,0.8] → ASD1+TimeRand",ASD1+TimeRand,11,0.7959509725912749
S1,"q0=[0.1,0.1,0.8] → ASD1+TimeRand",ASD1+TimeRand,12,0.795050053167591
S1,"q0=[0.1,0.1,0.8] → ASD1+TimeRand",ASD1+TimeRand,13,0.7940576362991062
S1,"q0=[0.1,0.1,0.8] → ASD1+TimeRand",ASD1+TimeRand,14,0.7929734603988426
S1,"q0=[0.1,0.1,0.8] → ASD1+TimeRand",ASD1+TimeRand,15,0.7917972898233405
S1,"q0=[0.1,0.1,0.8] → ASD1+TimeRand",ASD1+TimeRand,16,0.7905289162856506
S1,"q0=[0.1,0.1,0.8] → ASD1+TimeRand",ASD1+TimeRand,17,0.7891681600927555
S1,"q0=[0.1,0.1,0.8] → ASD1+TimeRand",ASD1+TimeRand,18,0.787714871228648
S1,"q0=[0.1,0.1,0.8] → ASD1+TimeRand",ASD1+TimeRand,19,0.7861689303041712
S1,"q0=[0.1,0.1,0.8] → ASD1+TimeRand",ASD1+TimeRand,20,0.7845302493939947
S1,"q0=[0.1,0.1,0.8] → ASD1+TimeRand",ASD1+TimeRand,21,0.7827987727799114
S1,"q0=[0.1,0.1,0.8] → ASD1+TimeRand",ASD1+TimeRand,22,0.7809744776181351
S1,"q0=[0.1,0.1,0.8] → ASD1+TimeRand",ASD1+TimeRand,23,0.7790573745465769
S1,"q0=[0.1,0.1,0.8] → ASD1+TimeRand",ASD1+TimeRand,24,0.7770475082462663
S1,"q0=[0.1,0.1,0.8] → ASD1+TimeRand",ASD1+TimeRand,25,0.7749449579692415
S1,"q0=[0.1,0.1,0.8] → ASD1+TimeRand",ASD1+TimeRand,26,0.7727498380434134
S1,"q0=[0.1,0.1,0.8] → ASD1+TimeRand",ASD1+TimeRand,27,0.7704622983631555
S1,"q0=[0.1,0.1,0.8] → ASD1+TimeRand",ASD1+TimeRand,28,0.7680825248727099
S1,"q0=[0.1,0.1,0.8] → ASD1+TimeRand",ASD1+TimeRand,29,0.7656107400479568
S1,"q0=[0.1,0.1,0.8] → ASD1+TimeRand",ASD1+TimeRand,30,0.7630472033806683
S1,"q0=[0.1,0.1,0.8] → ASD1+TimeRand",ASD1+TimeRand,31,0.7603922118680791
S1,"q0=[0.1,0.1,0.8] → ASD1+TimeRand",ASD1+TimeRand,32,0.7576461005094358
S1,"q0=[0.1,0.1,0.8] → ASD1+TimeRand",ASD1+TimeRand,33,0.7548092428101504
S1,"q0=[0.1,0.1,0.8] → ASD1+TimeRand",ASD1+TimeRand,34,0.7518820512932689
S1,"q0=[0.1,0.1,0.8] → ASD1+TimeRand",ASD1+TimeRand,35,0.7488649780171478
S1,"q0=[0.1,0.1,0.8] → ASD1+TimeRand",ASD1+TimeRand,36,0.7457585150975446
S1,"q0=[0.1,0.1,0.8] → ASD1+TimeRand",ASD1+TimeRand,37,0.742563195231715
S1,"q0=[0.1,0.1,0.8] → ASD1+TimeRand",ASD1+TimeRand,38,0.7392795922215983
S1,"q0=[0.1,0.1,0.8] → ASD1+TimeRand",ASD1+TimeRand,39,0.7359083214927407
S1,"q0=[0.1,0.1,0.8] → ASD1+TimeRand",ASD1+TimeRand,40,0.732450040605241
S1,"q0=[0.1,0.1,0.8] → ASD1+TimeRand",ASD1+TimeRand,41,0.7289054497527179
S1,"q0=[0.1,0.1,0.8] → ASD1+TimeRand",ASD1+TimeRand,42,0.7252752922450587
S1,"q0=[0.1,0.1,0.8] → ASD1+TimeRand",ASD1+TimeRand,43,0.7215603549705347
S1,"q0=[0.1,0.1,0.8] → ASD1+TimeRand",ASD1+TimeRand,44,0.7177614688327435
S1,"q0=[0.1,0.1,0.8] → ASD1+TimeRand",ASD1+TimeRand,45,0.7138795091577489
S1,"q0=[0.1,0.1,0.8] → ASD1+TimeRand",ASD1+TimeRand,46,0.7099153960667577
S1,"q0=[0.1,0.1,0.8] → ASD1+TimeRand",ASD1+TimeRand,47,0.7058700948096619
S1,"q0=[0.1,0.1,0.8] → ASD1+TimeRand",ASD1+TimeRand,48,0.7017446160548118
S1,"q0=[0.1,0.1,0.8] → ASD1+TimeRand",ASD1+TimeRand,49,0.6975400161304481
S1,"q0=[0.1,0.1,0.8] → ASD1+TimeRand",ASD1+TimeRand,50,0.6932573972133198
S1,"q0=[0.1,0.1,0.8] → ASD1+TimeRand",ASD1+TimeRand,51,0.6888979074601321
S1,"q0=[0.1,0.1,0.8] → ASD1+TimeRand",ASD1+TimeRand,52,0.6844627410776257
S1,"q0=[0.1,0.1,0.8] → ASD1+TimeRand",ASD1+TimeRand,53,0.6799531383272578
S1,"q0=[0.1,0.1,0.8] → ASD1+TimeRand",ASD1+TimeRand,54,0.6753703854606575
S1,"q0=[0.1,0.1,0.8] → ASD1+TimeRand",ASD1+TimeRand,55,0.6707158145822495
S1,"q0=[0.1,0.1,0.8] → ASD1+TimeRand",ASD1+TimeRand,56,0.665990803435678
S1,"q0=[0.1,0.1,0.8] → ASD1+TimeRand",ASD1+TimeRand,57,0.6611967751109303
S1,"q0=[0.1,0.1,0.8] → ASD1+TimeRand",ASD1+TimeRand,58,0.6563351976693366
S1,"q0=[0.1,0.1,0.8] → ASD1+TimeRand",ASD1+TimeRand,59,0.651407583683919
S1,"q0=[0.1,0.1,0.8] → ASD1+TimeRand",ASD1+TimeRand,60,0.6464154896928842
S1,"q0=[0.1,0.1,0.8] → ASD1+TimeRand",ASD1+TimeRand,61,0.6413605155643739
S1,"q0=[0.1,0.1,0.8] → ASD1+TimeRand",ASD1+TimeRand,62,0.6362443037709369
S1,"q0=[0.1,0.1,0.8] → ASD1+TimeRand",ASD1+TimeRand,63,0.6310685385725399
S1,"q0=[0.1,0.1,0.8] → ASD1+TimeRand",ASD1+TimeRand,64,0.6258349451072979
S1,"q0=[0.1,0.1,0.8] → ASD1+TimeRand",ASD1+TimeRand,65,0.6205452883894814
S1,"q0=[0.1,0.1,0.8] → ASD1+TimeRand",ASD1+TimeRand,66,0.6152013722147397
S1,"q0=[0.1,0.1,0.8] → ASD1+TimeRand",ASD1+TimeRand,67,0.6098050379728658
S1,"q0=[0.1,0.1,0.8] → ASD1+TimeRand",ASD1+TimeRand,68,0.6043581633688224
S1,"q0=[0.1,0.1,0.8] → ASD1+TimeRand",ASD1+TimeRand,69,0.5988626610531388
S1,"q0=[0.1,0.1,0.8] → ASD1+TimeRand",ASD1+TimeRand,70,0.5933204771631848
S1,"q0=[0.1,0.1,0.8] → ASD1+TimeRand",ASD1+TimeRand,71,0.5877335897772175
S1,"q0=[0.1,0.1,0.8] → ASD1+TimeRand",ASD1+TimeRand,72,0.5821040072834851
S1,"q0=[0.1,0.1,0.8] → ASD1+TimeRand",ASD1+TimeRand,73,0.5764337666670518
S1,"q0=[0.1,0.1,0.8] → ASD1+TimeRand",ASD1+TimeRand,74,0.5707249317173833
S1,"q0=[0.1,0.1,0.8] → ASD1+TimeRand",ASD1+TimeRand,75,0.5649795911600922
S1,"q0=[0.1,0.1,0.8] → ASD1+TimeRand",ASD1+TimeRand,76,0.5591998567165967
S1,"q0=[0.1,0.1,0.8] → ASD1+TimeRand",ASD1+TimeRand,77,0.5533878610957778
S1,"q0=[0.1,0.1,0.8] → ASD1+TimeRand",ASD1+TimeRand,78,0.5475457559220451
S1,"q0=[0.1,0.1,0.8] → ASD1+TimeRand",ASD1+TimeRand,79,0.5416757096045189
S1,"q0=[0.1,0.1,0.8] → ASD1+TimeRand",ASD1+TimeRand,80,0.5357799051523195
S1,"q0=[0.1,0.1,0.8] → ASD1+TimeRand",ASD1+TimeRand,81,0.5298605379412162
S1,"q0=[0.1,0.1,0.8] → ASD1+TimeRand",ASD1+TimeRand,82,0.5239198134371219
S1,"q0=[0.1,0.1,0.8] → ASD1+TimeRand",ASD1+TimeRand,83,0.5179599448821371
S1,"q0=[0.1,0.1,0.8] → ASD1+TimeRand",ASD1+TimeRand,84,0.5119831509490239
S1,"q0=[0.1,0.1,0.8] → ASD1+TimeRand",ASD1+TimeRand,85,0.5059916533701619
S1,"q0=[0.1,0.1,0.8] → ASD1+TimeRand",ASD1+TimeRand,86,0.4999876745471574
S1,"q0=[0.1,0.1,0.8] → ASD1+TimeRand",ASD1+TimeRand,87,0.4939734351473858
S1,"q0=[0.1,0.1,0.8] → ASD1+TimeRand",ASD1+TimeRand,88,0.4879511516938201
S1,"q0=[0.1,0.1,0.8] → ASD1+TimeRand",ASD1+TimeRand,89,0.481923034154537
S1,"q0=[0.1,0.1,0.8] → ASD1+TimeRand",ASD1+TimeRand,90,0.4758912835383081
S1,"q0=[0.1,0.1,0.8] → ASD1+TimeRand",ASD1+TimeRand,91,0.46985808950266655
S1,"q0=[0.1,0.1,0.8] → ASD1+TimeRand",ASD1+TimeRand,92,0.46382562798078947
S1,"q0=[0.1,0.1,0.8] → ASD1+TimeRand",ASD1+TimeRand,93,0.4577960588334641
S1,"q0=[0.1,0.1,0.8] → ASD1+TimeRand",ASD1+TimeRand,94,0.45177152353229677
S1,"q0=[0.1,0.1,0.8] → ASD1+TimeRand",ASD1+TimeRand,95,0.4457541428801919
S1,"q0=[0.1,0.1,0.8] → ASD1+TimeRand",ASD1+TimeRand,96,0.43974601477496783
S1,"q0=[0.1,0.1,0.8] → ASD1+TimeRand",ASD1+TimeRand,97,0.43374921202179056
S1,"q0=[0.1,0.1,0.8] → ASD1+TimeRand",ASD1+TimeRand,98,0.4277657801998928
S1,"q0=[0.1,0.1,0.8] → ASD1+TimeRand",ASD1+TimeRand,99,0.4217977355888169
S1,"q0=[0.1,0.1,0.8] → ASD1+TimeRand",ASD1+TimeRand,100,0.4158470631591588
S1,"q0=[0.1,0.1,0.8] → ASD1+TimeRand",ASD1+TimeRand,101,0.40991571463252074
S1,"q0=[0.1,0.1,0.8] → ASD1+TimeRand",ASD1+TimeRand,102,0.4040056066150813
S1,"q0=[0.1,0.1,0.8] → ASD1+TimeRand",ASD1+TimeRand,103,0.3981186188088886
S1,"q0=[0.1,0.1,0.8] → ASD1+TimeRand",ASD1+TimeRand,104,0.3922565923046546
S1,"q0=[0.1,0.1,0.8] → ASD1+TimeRand",ASD1+TimeRand,105,0.3864213279594948
S1,"q0=[0.1,0.1,0.8] → ASD1+TimeRand",ASD1+TimeRand,106,0.38061458486271454
S1,"q0=[0.1,0.1,0.8] → ASD1+TimeRand",ASD1+TimeRand,107,0.374838078892387
S1,"q0=[0.1,0.1,0.8] → ASD1+TimeRand",ASD1+TimeRand,108,0.369093481365114
S1,"q0=[0.1,0.1,0.8] → ASD1+TimeRand",ASD1+TimeRand,109,0.36338241778099517
S1,"q0=[0.1,0.1,0.8] → ASD1+TimeRand",ASD1+TimeRand,110,0.3577064666654713
S1,"q0=[0.1,0.1,0.8] → ASD1+TimeRand",ASD1+TimeRand,111,0.35206715850934184
S1,"q0=[0.1,0.1,0.8] → ASD1+TimeRand",ASD1+TimeRand,112,0.34646597480790087
S1,"q0=[0.1,0.1,0.8] → ASD1+TimeRand",ASD1+TimeRand,113,0.34090434719977586
S1,"q0=[0.1,0.1,0.8] → ASD1+TimeRand",ASD1+TimeRand,114,0.33538365670570824
S1,"q0=[0.1,0.1,0.8] → ASD1+TimeRand",ASD1+TimeRand,115,0.3299052330671721
S1,"q0=[0.1,0.1,0.8] → ASD1+TimeRand",ASD1+TimeRand,116,0.32447035418439585
S1,"q0=[0.1,0.1,0.8] → ASD1+TimeRand",ASD1+TimeRand,117,0.3190802456530314
S1,"q0=[0.1,0.1,0.8] → ASD1+TimeRand",ASD1+TimeRand,118,0.3137360803984083
S1,"q0=[0.1,0.1,0.8] → ASD1+TimeRand",ASD1+TimeRand,119,0.3084389784060155
S1,"q0=[0.1,0.1,0.8] → ASD1+TimeRand",ASD1+TimeRand,120,0.30319000654657374
S2,"q0=[0.8,0.1,0.1] → ASD1_IPHop",ASD1_IPHop,1,0.8
S2,"q0=[0.8,0.1,0.1] → ASD1_IPHop",ASD1_IPHop,2,0.8055314726067982
S2,"q0=[0.8,0.1,0.1] → ASD1_IPHop",ASD1_IPHop,3,0.8109405973115466
S2,"q0=[0.8,0.1,0.1] → ASD1_IPHop",ASD1_IPHop,4,0.8162273766954382
S2,"q0=[0.8,0.1,0.1] → ASD1_IPHop",ASD1_IPHop,5,0.8213919923171503
S2,"q0=[0.8,0.1,0.1] → ASD1_IPHop",ASD1_IPHop,6,0.8264348043762694
S2,"q0=[0.8,0.1,0.1] → ASD1_IPHop",ASD1_IPHop,7,0.8313563493943484
S2,"q0=[0.8,0.1,0.1] → ASD1_IPHop",ASD1_IPHop,8,0.8361573360791916
S2,"q0=[0.8,0.1,0.1] → ASD1_IPHop",ASD1_IPHop,9,0.8408386395708483
S2,"q0=[0.8,0.1,0.1] → ASD1_IPHop",ASD1_IPHop,10,0.8454012942882397
S2,"q0=[0.8,0.1,0.1] → ASD1_IPHop",ASD1_IPHop,11,0.8498464856048707
S2,"q0=[0.8,0.1,0.1] → ASD1_IPHop",ASD1_IPHop,12,0.8541755405824683
S2,"q0=[0.8,0.1,0.1] → ASD1_IPHop",ASD1_IPHop,13,0.8583899179844432
S2,"q0=[0.8,0.1,0.1] → ASD1_IPHop",ASD1_IPHop,14,0.8624911977785512
S2,"q0=[0.8,0.1,0.1] → ASD1_IPHop",ASD1_IPHop,15,0.8664810703216188
S2,"q0=[0.8,0.1,0.1] → ASD1_IPHop",ASD1_IPHop,16,0.8703613254001205
S2,"q0=[0.8,0.1,0.1] → ASD1_IPHop",ASD1_IPHop,17,0.8741338412799262
S2,"q0=[0.8,0.1,0.1] → ASD1_IPHop",ASD1_IPHop,18,0.8778005738976297
S2,"q0=[0.8,0.1,0.1] → ASD1_IPHop",ASD1_IPHop,19,0.8813635463053134
S2,"q0=[0.8,0.1,0.1] → ASD1_IPHop",ASD1_IPHop,20,0.8848248384609286
S2,"q0=[0.8,0.1,0.1] → ASD1_IPHop",ASD1_IPHop,21,0.8881865774380899
S2,"q0=[0.8,0.1,0.1] → ASD1_IPHop",ASD1_IPHop,22,0.891450928112267
S2,"q0=[0.8,0.1,0.1] → ASD1_IPHop",ASD1_IPHop,23,0.8946200843652298
S2,"q0=[0.8,0.1,0.1] → ASD1_IPHop",ASD1_IPHop,24,0.8976962608362357
S2,"q0=[0.8,0.1,0.1] → ASD1_IPHop",ASD1_IPHop,25,0.9006816852368211
S2,"q0=[0.8,0.1,0.1] → ASD1_IPHop",ASD1_IPHop,26,0.9035785912361073
S2,"q0=[0.8,0.1,0.1] → ASD1_IPHop",ASD1_IPHop,27,0.9063892119151533
S2,"q0=[0.8,0.1,0.1] → ASD1_IPHop",ASD1_IPHop,28,0.909115773781965
S2,"q0=[0.8,0.1,0.1] → ASD1_IPHop",ASD1_IPHop,29,0.9117604913331602
S2,"q0=[0.8,0.1,0.1] → ASD1_IPHop",ASD1_IPHop,30,0.9143255621438597
S2,"q0=[0.8,0.1,0.1] → ASD1_IPHop",ASD1_IPHop,31,0.9168131624639759
S2,"q0=[0.8,0.1,0.1] → ASD1_IPHop",ASD1_IPHop,32,0.9192254432965745
S2,"q0=[0.8,0.1,0.1] → ASD1_IPHop",ASD1_IPHop,33,0.9215645269322668
S2,"q0=[0.8,0.1,0.1] → ASD1_IPHop",ASD1_IPHop,34,0.9238325039125159
S2,"q0=[0.8,0.1,0.1] → ASD1_IPHop",ASD1_IPHop,35,0.9260314303942361
S2,"q0=[0.8,0.1,0.1] → ASD1_IPHop",ASD1_IPHop,36,0.9281633258879863
S2,"q0=[0.8,0.1,0.1] → ASD1_IPHop",ASD1_IPHop,37,0.9302301713423771
S2,"q0=[0.8,0.1,0.1] → ASD1_IPHop",ASD1_IPHop,38,0.9322339075478978
S2,"q0=[0.8,0.1,0.1] → ASD1_IPHop",ASD1_IPHop,39,0.9341764338342062
S2,"q0=[0.8,0.1,0.1] → ASD1_IPHop",ASD1_IPHop,40,0.9360596070359166
S2,"q0=[0.8,0.1,0.1] → ASD1_IPHop",ASD1_IPHop,41,0.9378852407030578
S2,"q0=[0.8,0.1,0.1] → ASD1_IPHop",ASD1_IPHop,42,0.9396551045335747
S2,"q0=[0.8,0.1,0.1] → ASD1_IPHop",ASD1_IPHop,43,0.941370924006527
S2,"q0=[0.8,0.1,0.1] → ASD1_IPHop",ASD1_IPHop,44,0.9430343801959203
S2,"q0=[0.8,0.1,0.1] → ASD1_IPHop",ASD1_IPHop,45,0.9446471097464119
S2,"q0=[0.8,0.1,0.1] → ASD1_IPHop",ASD1_IPHop,46,0.9462107049934066
S2,"q0=[0.8,0.1,0.1] → ASD1_IPHop",ASD1_IPHop,47,0.9477267142113278
S2,"q0=[0.8,0.1,0.1] → ASD1_IPHop",ASD1_IPHop,48,0.9491966419750523
S2,"q0=[0.8,0.1,0.1] → ASD1_IPHop",ASD1_IPHop,49,0.9506219496206789
S2,"q0=[0.8,0.1,0.1] → ASD1_IPHop",ASD1_IPHop,50,0.9520040557929176
S2,"q0=[0.8,0.1,0.1] → ASD1_IPHop",ASD1_IPHop,51,0.9533443370674451
S2,"q0=[0.8,0.1,0.1] → ASD1_IPHop",ASD1_IPHop,52,0.9546441286375851
S2,"q0=[0.8,0.1,0.1] → ASD1_IPHop",ASD1_IPHop,53,0.9559047250556096
S2,"q0=[0.8,0.1,0.1] → ASD1_IPHop",ASD1_IPHop,54,0.9571273810198507
S2,"q0=[0.8,0.1,0.1] → ASD1_IPHop",ASD1_IPHop,55,0.9583133121996313
S2,"q0=[0.8,0.1,0.1] → ASD1_IPHop",ASD1_IPHop,56,0.9594636960908037
S2,"q0=[0.8,0.1,0.1] → ASD1_IPHop",ASD1_IPHop,57,0.9605796728953881
S2,"q0=[0.8,0.1,0.1] → ASD1_IPHop",ASD1_IPHop,58,0.9616623464194725
S2,"q0=[0.8,0.1,0.1] → ASD1_IPHop",ASD1_IPHop,59,0.9627127849841406
S2,"q0=[0.8,0.1,0.1] → ASD1_IPHop",ASD1_IPHop,60,0.9637320223447602
S2,"q0=[0.8,0.1,0.1] → ASD1_IPHop",ASD1_IPHop,61,0.9647210586144711
S2,"q0=[0.8,0.1,0.1] → ASD1_IPHop",ASD1_IPHop,62,0.9656808611881972
S2,"q0=[0.8,0.1,0.1] → ASD1_IPHop",ASD1_IPHop,63,0.9666123656639277
S2,"q0=[0.8,0.1,0.1] → ASD1_IPHop",ASD1_IPHop,64,0.9675164767584145
S2,"q0=[0.8,0.1,0.1] → ASD1_IPHop",ASD1_IPHop,65,0.9683940692147861
S2,"q0=[0.8,0.1,0.1] → ASD1_IPHop",ASD1_IPHop,66,0.9692459886999119
S2,"q0=[0.8,0.1,0.1] → ASD1_IPHop",ASD1_IPHop,67,0.9700730526896383
S2,"q0=[0.8,0.1,0.1] → ASD1_IPHop",ASD1_IPHop,68,0.970876051340294
S2,"q0=[0.8,0.1,0.1] → ASD1_IPHop",ASD1_IPHop,69,0.9716557483451023
S2,"q0=[0.8,0.1,0.1] → ASD1_IPHop",ASD1_IPHop,70,0.9724128817743487
S2,"q0=[0.8,0.1,0.1] → ASD1_IPHop",ASD1_IPHop,71,0.9731481648983659
S2,"q0=[0.8,0.1,0.1] → ASD1_IPHop",ASD1_IPHop,72,0.9738622869925543
S2,"q0=[0.8,0.1,0.1] → ASD1_IPHop",ASD1_IPHop,73,0.9745559141238336
S2,"q0=[0.8,0.1,0.1] → ASD1_IPHop",ASD1_IPHop,74,0.9752296899180463
S2,"q0=[0.8,0.1,0.1] → ASD1_IPHop",ASD1_IPHop,75,0.9758842363079725
S2,"q0=[0.8,0.1,0.1] → ASD1_IPHop",ASD1_IPHop,76,0.976520154261719
S2,"q0=[0.8,0.1,0.1] → ASD1_IPHop",ASD1_IPHop,77,0.9771380244913501
S2,"q0=[0.8,0.1,0.1] → ASD1_IPHop",ASD1_IPHop,78,0.9777384081417114
S2,"q0=[0.8,0.1,0.1] → ASD1_IPHop",ASD1_IPHop,79,0.9783218474594789
S2,"q0=[0.8,0.1,0.1] → ASD1_IPHop",ASD1_IPHop,80,0.9788888664425303
S2,"q0=[0.8,0.1,0.1] → ASD1_IPHop",ASD1_IPHop,81,0.979439971469794
S2,"q0=[0.8,0.1,0.1] → ASD1_IPHop",ASD1_IPHop,82,0.9799756519117884
S2,"q0=[0.8,0.1,0.1] → ASD1_IPHop",ASD1_IPHop,83,0.9804963807220973
S2,"q0=[0.8,0.1,0.1] → ASD1_IPHop",ASD1_IPHop,84,0.9810026150100768
S2,"q0=[0.8,0.1,0.1] → ASD1_IPHop",ASD1_IPHop,85,0.9814947965951127
S2,"q0=[0.8,0.1,0.1] → ASD1_IPHop",ASD1_IPHop,86,0.9819733525427775
S2,"q0=[0.8,0.1,0.1] → ASD1_IPHop",ASD1_IPHop,87,0.9824386956832606
S2,"q0=[0.8,0.1,0.1] → ASD1_IPHop",ASD1_IPHop,88,0.9828912251124556
S2,"q0=[0.8,0.1,0.1] → ASD1_IPHop",ASD1_IPHop,89,0.9833313266761147
S2,"q0=[0.8,0.1,0.1] → ASD1_IPHop",ASD1_IPHop,90,0.9837593734374808
S2,"q0=[0.8,0.1,0.1] → ASD1_IPHop",ASD1_IPHop,91,0.9841757261288216
S2,"q0=[0.8,0.1,0.1] → ASD1_IPHop",ASD1_IPHop,92,0.984580733587295
S2,"q0=[0.8,0.1,0.1] → ASD1_IPHop",ASD1_IPHop,93,0.9849747331755769
S2,"q0=[0.8,0.1,0.1] → ASD1_IPHop",ASD1_IPHop,94,0.9853580511876872
S2,"q0=[0.8,0.1,0.1] → ASD1_IPHop",ASD1_IPHop,95,0.9857310032404424
S2,"q0=[0.8,0.1,0.1] → ASD1_IPHop",ASD1_IPHop,96,0.9860938946509726
S2,"q0=[0.8,0.1,0.1] → ASD1_IPHop",ASD1_IPHop,97,0.9864470208007252
S2,"q0=[0.8,0.1,0.1] → ASD1_IPHop",ASD1_IPHop,98,0.9867906674863798
S2,"q0=[0.8,0.1,0.1] → ASD1_IPHop",ASD1_IPHop,99,0.9871251112580941
S2,"q0=[0.8,0.1,0.1] → ASD1_IPHop",ASD1_IPHop,100,0.9874506197454923
S2,"q0=[0.8,0.1,0.1] → ASD1_IPHop",ASD1_IPHop,101,0.9877674519717945
S2,"q0=[0.8,0.1,0.1] → ASD1_IPHop",ASD1_IPHop,102,0.9880758586564938
S2,"q0=[0.8,0.1,0.1] → ASD1_IPHop",ASD1_IPHop,103,0.9883760825069603
S2,"q0=[0.8,0.1,0.1] → ASD1_IPHop",ASD1_IPHop,104,0.9886683584993573
S2,"q0=[0.8,0.1,0.1] → ASD1_IPHop",ASD1_IPHop,105,0.9889529141492376
S2,"q0=[0.8,0.1,0.1] → ASD1_IPHop",ASD1_IPHop,106,0.9892299697721836
S2,"q0=[0.8,0.1,0.1] → ASD1_IPHop",ASD1_IPHop,107,0.9894997387348435
S2,"q0=[0.8,0.1,0.1] → ASD1_IPHop",ASD1_IPHop,108,0.9897624276967029
S2,"q0=[0.8,0.1,0.1] → ASD1_IPHop",ASD1_IPHop,109,0.9900182368429294
S2,"q0=[0.8,0.1,0.1] → ASD1_IPHop",ASD1_IPHop,110,0.990267360108613
S2,"q0=[0.8,0.1,0.1] → ASD1_IPHop",ASD1_IPHop,111,0.9905099853947105
S2,"q0=[0.8,0.1,0.1] → ASD1_IPHop",ASD1_IPHop,112,0.9907462947760072
S2,"q0=[0.8,0.1,0.1] → ASD1_IPHop",ASD1_IPHop,113,0.9909764647013841
S2,"q0=[0.8,0.1,0.1] → ASD1_IPHop",ASD1_IPHop,114,0.991200666186678
S2,"q0=[0.8,0.1,0.1] → ASD1_IPHop",ASD1_IPHop,115,0.9914190650004103
S2,"q0=[0.8,0.1,0.1] → ASD1_IPHop",ASD1_IPHop,116,0.9916318218426525
S2,"q0=[0.8,0.1,0.1] → ASD1_IPHop",ASD1_IPHop,117,0.9918390925172851
S2,"q0=[0.8,0.1,0.1] → ASD1_IPHop",ASD1_IPHop,118,0.9920410280978996
S2,"q0=[0.8,0.1,0.1] → ASD1_IPHop",ASD1_IPHop,119,0.9922377750875839
S2,"q0=[0.8,0.1,0.1] → ASD1_IPHop",ASD1_IPHop,120,0.992429475572824
S2,"q0=[0.1,0.8,0.1] → ASD1+ASD3_IP+ProtoHop",ASD1+ASD3_IP+ProtoHop,1,0.8
S2,"q0=[0.1,0.8,0.1] → ASD1+ASD3_IP+ProtoHop",ASD1+ASD3_IP+ProtoHop,2,0.7941469830813022
S2,"q0=[0.1,0.8,0.1] → ASD1+ASD3_IP+ProtoHop",ASD1+ASD3_IP+ProtoHop,3,0.7881259956294961
S2,"q0=[0.1,0.8,0.1] → ASD1+ASD3_IP+ProtoHop",ASD1+ASD3_IP+ProtoHop,4,0.7819347650466784
S2,"q0=[0.1,0.8,0.1] → ASD1+ASD3_IP+ProtoHop",ASD1+ASD3_IP+ProtoHop,5,0.7755712877188551
S2,"q0=[0.1,0.8,0.1] → ASD1+ASD3_IP+ProtoHop",ASD1+ASD3_IP+ProtoHop,6,0.7690338452712243
S2,"q0=[0.1,0.8,0.1] → ASD1+ASD3_IP+ProtoHop",ASD1+ASD3_IP+ProtoHop,7,0.7623210201259375
S2,"q0=[0.1,0.8,0.1] → ASD1+ASD3_IP+ProtoHop",ASD1+ASD3_IP+ProtoHop,8,0.7554317104830293
S2,"q0=[0.1,0.8,0.1] → ASD1+ASD3_IP+ProtoHop",ASD1+ASD3_IP+ProtoHop,9,0.7483651448222773
S2,"q0=[0.1,0.8,0.1] → ASD1+ASD3_IP+ProtoHop",ASD1+ASD3_IP+ProtoHop,10,0.7411208959932896
S2,"q0=[0.1,0.8,0.1] → ASD1+ASD3_IP+ProtoHop",ASD1+ASD3_IP+ProtoHop,11,0.733698894926217
S2,"q0=[0.1,0.8,0.1] → ASD1+ASD3_IP+ProtoHop",ASD1+ASD3_IP+ProtoHop,12,0.7260994439588428
S2,"q0=[0.1,0.8,0.1] → ASD1+ASD3_IP+ProtoHop",ASD1+ASD3_IP+ProtoHop,13,0.7183232297395489
S2,"q0=[0.1,0.8,0.1] → ASD1+ASD3_IP+ProtoHop",ASD1+ASD3_IP+ProtoHop,14,0.7103713356314535
S2,"q0=[0.1,0.8,0.1] → ASD1+ASD3_IP+ProtoHop",ASD1+ASD3_IP+ProtoHop,15,0.702245253512031
S2,"q0=[0.1,0.8,0.1] → ASD1+ASD3_IP+ProtoHop",ASD1+ASD3_IP+ProtoHop,16,0.6939468948355495
S2,"q0=[0.1,0.8,0.1] → ASD1+ASD3_IP+ProtoHop",ASD1+ASD3_IP+ProtoHop,17,0.6854786008031883
S2,"q0=[0.1,0.8,0.1] → ASD1+ASD3_IP+ProtoHop",ASD1+ASD3_IP+ProtoHop,18,0.6768431514680048
S2,"q0=[0.1,0.8,0.1] → ASD1+ASD3_IP+ProtoHop",ASD1+ASD3_IP+ProtoHop,19,0.6680437735890765
S2,"q0=[0.1,0.8,0.1] → ASD1+ASD3_IP+ProtoHop",ASD1+ASD3_IP+ProtoHop,20,0.6590841470412121
S2,"q0=[0.1,0.8,0.1] → ASD1+ASD3_IP+ProtoHop",ASD1+ASD3_IP+ProtoHop,21,0.6499684095834618
S2,"q0=[0.1,0.8,0.1] → ASD1+ASD3_IP+ProtoHop",ASD1+ASD3_IP+ProtoHop,22,0.6407011597912126
S2,"q0=[0.1,0.8,0.1] → ASD1+ASD3_IP+ProtoHop",ASD1+ASD3_IP+ProtoHop,23,0.6312874579627434
S2,"q0=[0.1,0.8,0.1] → ASD1+ASD3_IP+ProtoHop",ASD1+ASD3_IP+ProtoHop,24,0.621732824821578
S2,"q0=[0.1,0.8,0.1] → ASD1+ASD3_IP+ProtoHop",ASD1+ASD3_IP+ProtoHop,25,0.6120432378506094
S2,"q0=[0.1,0.8,0.1] → ASD1+ASD3_IP+ProtoHop",ASD1+ASD3_IP+ProtoHop,26,0.602225125112557
S2,"q0=[0.1,0.8,0.1] → ASD1+ASD3_IP+ProtoHop",ASD1+ASD3_IP+ProtoHop,27,0.5922853564335814
S2,"q0=[0.1,0.8,0.1] → ASD1+ASD3_IP+ProtoHop",ASD1+ASD3_IP+ProtoHop,28,0.5822312318525212
S2,"q0=[0.1,0.8,0.1] → ASD1+ASD3_IP+ProtoHop",ASD1+ASD3_IP+ProtoHop,29,0.5720704672668762
S2,"q0=[0.1,0.8,0.1] → ASD1+ASD3_IP+ProtoHop",ASD1+ASD3_IP+ProtoHop,30,0.5618111772379321
S2,"q0=[0.1,0.8,0.1] → ASD1+ASD3_IP+ProtoHop",ASD1+ASD3_IP+ProtoHop,31,0.5514618549508513
S2,"q0=[0.1,0.8,0.1] → ASD1+ASD3_IP+ProtoHop",ASD1+ASD3_IP+ProtoHop,32,0.5410313493606095
S2,"q0=[0.1,0.8,0.1] → ASD1+ASD3_IP+ProtoHop",ASD1+ASD3_IP+ProtoHop,33,0.5305288395907982
S2,"q0=[0.1,0.8,0.1] → ASD1+ASD3_IP+ProtoHop",ASD1+ASD3_IP+ProtoHop,34,0.5199638066889162
S2,"q0=[0.1,0.8,0.1] → ASD1+ASD3_IP+ProtoHop",ASD1+ASD3_IP+ProtoHop,35,0.5093460028781921
S2,"q0=[0.1,0.8,0.1] → ASD1+ASD3_IP+ProtoHop",ASD1+ASD3_IP+ProtoHop,36,0.49868541848157494
S2,"q0=[0.1,0.8,0.1] → ASD1+ASD3_IP+ProtoHop",ASD1+ASD3_IP+ProtoHop,37,0.4879922467275883
S2,"q0=[0.1,0.8,0.1] → ASD1+ASD3_IP+ProtoHop",ASD1+ASD3_IP+ProtoHop,38,0.47727684667964543
S2,"q0=[0.1,0.8,0.1] → ASD1+ASD3_IP+ProtoHop",ASD1+ASD3_IP+ProtoHop,39,0.4665497045594773
S2,"q0=[0.1,0.8,0.1] → ASD1+ASD3_IP+ProtoHop",ASD1+ASD3_IP+ProtoHop,40,0.4558213937609768
S2,"q0=[0.1,0.8,0.1] → ASD1+ASD3_IP+ProtoHop",ASD1+ASD3_IP+ProtoHop,41,0.44510253387242016
S2,"q0=[0.1,0.8,0.1] → ASD1+ASD3_IP+ProtoHop",ASD1+ASD3_IP+ProtoHop,42,0.4344037490422688
S2,"q0=[0.1,0.8,0.1] → ASD1+ASD3_IP+ProtoHop",ASD1+ASD3_IP+ProtoHop,43,0.42373562603614595
S2,"q0=[0.1,0.8,0.1] → ASD1+ASD3_IP+ProtoHop",ASD1+ASD3_IP+ProtoHop,44,0.4131086723398932
S2,"q0=[0.1,0.8,0.1] → ASD1+ASD3_IP+ProtoHop",ASD1+ASD3_IP+ProtoHop,45,0.40253327466562155
S2,"q0=[0.1,0.8,0.1] → ASD1+ASD3_IP+ProtoHop",ASD1+ASD3_IP+ProtoHop,46,0.3920196582143631
S2,"q0=[0.1,0.8,0.1] → ASD1+ASD3_IP+ProtoHop",ASD1+ASD3_IP+ProtoHop,47,0.3815778470403243
S2,"q0=[0.1,0.8,0.1] → ASD1+ASD3_IP+ProtoHop",ASD1+ASD3_IP+ProtoHop,48,0.3712176258480569
S2,"q0=[0.1,0.8,0.1] → ASD1+ASD3_IP+ProtoHop",ASD1+ASD3_IP+ProtoHop,49,0.36094850353534763
S2,"q0=[0.1,0.8,0.1] → ASD1+ASD3_IP+ProtoHop",ASD1+ASD3_IP+ProtoHop,50,0.3507796787717096
S2,"q0=[0.1,0.8,0.1] → ASD1+ASD3_IP+ProtoHop",ASD1+ASD3_IP+ProtoHop,51,0.3407200078754915
S2,"q0=[0.1,0.8,0.1] → ASD1+ASD3_IP+ProtoHop",ASD1+ASD3_IP+ProtoHop,52,0.33077797522239183
S2,"q0=[0.1,0.8,0.1] → ASD1+ASD3_IP+ProtoHop",ASD1+ASD3_IP+ProtoHop,53,0.3209616663851788
S2,"q0=[0.1,0.8,0.1] → ASD1+ASD3_IP+ProtoHop",ASD1+ASD3_IP+ProtoHop,54,0.3112787441693503
S2,"q0=[0.1,0.8,0.1] → ASD1+ASD3_IP+ProtoHop",ASD1+ASD3_IP+ProtoHop,55,0.3017364276730092
S2,"q0=[0.1,0.8,0.1] → ASD1+ASD3_IP+ProtoHop",ASD1+ASD3_IP+ProtoHop,56,0.29234147446207703
S2,"q0=[0.1,0.8,0.1] → ASD1+ASD3_IP+ProtoHop",ASD1+ASD3_IP+ProtoHop,57,0.2831001659148028
S2,"q0=[0.1,0.8,0.1] → ASD1+ASD3_IP+ProtoHop",ASD1+ASD3_IP+ProtoHop,58,0.27401829575301145
S2,"q0=[0.1,0.8,0.1] → ASD1+ASD3_IP+ProtoHop",ASD1+ASD3_IP+ProtoHop,59,0.26510116174227644
S2,"q0=[0.1,0.8,0.1] → ASD1+ASD3_IP+ProtoHop",ASD1+ASD3_IP+ProtoHop,60,0.256353560509753
S2,"q0=[0.1,0.8,0.1] → ASD1+ASD3_IP+ProtoHop",ASD1+ASD3_IP+ProtoHop,61,0.2477797853972607
S2,"q0=[0.1,0.8,0.1] → ASD1+ASD3_IP+ProtoHop",ASD1+ASD3_IP+ProtoHop,62,0.23938362723875878
S2,"q0=[0.1,0.8,0.1] → ASD1+ASD3_IP+ProtoHop",ASD1+ASD3_IP+ProtoHop,63,0.23116837792594416
S2,"q0=[0.1,0.8,0.1] → ASD1+ASD3_IP+ProtoHop",ASD1+ASD3_IP+ProtoHop,64,0.22313683660356856
S2,"q0=[0.1,0.8,0.1] → ASD1+ASD3_IP+ProtoHop",ASD1+ASD3_IP+ProtoHop,65,0.2152913183173695
S2,"q0=[0.1,0.8,0.1] → ASD1+ASD3_IP+ProtoHop",ASD1+ASD3_IP+ProtoHop,66,0.20763366492232366
S2,"q0=[0.1,0.8,0.1] → ASD1+ASD3_IP+ProtoHop",ASD1+ASD3_IP+ProtoHop,67,0.20016525804726062
S2,"q0=[0.1,0.8,0.1] → ASD1+ASD3_IP+ProtoHop",ASD1+ASD3_IP+ProtoHop,68,0.19288703390365022
S2,"q0=[0.1,0.8,0.1] → ASD1+ASD3_IP+ProtoHop",ASD1+ASD3_IP+ProtoHop,69,0.18579949972147036
S2,"q0=[0.1,0.8,0.1] → ASD1+ASD3_IP+ProtoHop",ASD1+ASD3_IP+ProtoHop,70,0.17890275159328625
S2,"q0=[0.1,0.8,0.1] → ASD1+ASD3_IP+ProtoHop",ASD1+ASD3_IP+ProtoHop,71,0.17219649350879915
S2,"q0=[0.1,0.8,0.1] → ASD1+ASD3_IP+ProtoHop",ASD1+ASD3_IP+ProtoHop,72,0.16568005736589161
S2,"q0=[0.1,0.8,0.1] → ASD1+ASD3_IP+ProtoHop",ASD1+ASD3_IP+ProtoHop,73,0.15935242375031283
S2,"q0=[0.1,0.8,0.1] → ASD1+ASD3_IP+ProtoHop",ASD1+ASD3_IP+ProtoHop,74,0.15321224328431512
S2,"q0=[0.1,0.8,0.1] → ASD1+ASD3_IP+ProtoHop",ASD1+ASD3_IP+ProtoHop,75,0.14725785835444943
S2,"q0=[0.1,0.8,0.1] → ASD1+ASD3_IP+ProtoHop",ASD1+ASD3_IP+ProtoHop,76,0.14148732504004968
S2,"q0=[0.1,0.8,0.1] → ASD1+ASD3_IP+ProtoHop",ASD1+ASD3_IP+ProtoHop,77,0.13589843507637211
S2,"q0=[0.1,0.8,0.1] → ASD1+ASD3_IP+ProtoHop",ASD1+ASD3_IP+ProtoHop,78,0.1304887376996165
S2,"q0=[0.1,0.8,0.1] → ASD1+ASD3_IP+ProtoHop",ASD1+ASD3_IP+ProtoHop,79,0.1252555612348645
S2,"q0=[0.1,0.8,0.1] → ASD1+ASD3_IP+ProtoHop",ASD1+ASD3_IP+ProtoHop,80,0.12019603430207208
S2,"q0=[0.1,0.8,0.1] → ASD1+ASD3_IP+ProtoHop",ASD1+ASD3_IP+ProtoHop,81,0.11530710652941965
S2,"q0=[0.1,0.8,0.1] → ASD1+ASD3_IP+ProtoHop",ASD1+ASD3_IP+ProtoHop,82,0.11058556867734726
S2,"q0=[0.1,0.8,0.1] → ASD1+ASD3_IP+ProtoHop",ASD1+ASD3_IP+ProtoHop,83,0.10602807209030574
S2,"q0=[0.1,0.8,0.1] → ASD1+ASD3_IP+ProtoHop",ASD1+ASD3_IP+ProtoHop,84,0.10163114740648868
S2,"q0=[0.1,0.8,0.1] → ASD1+ASD3_IP+ProtoHop",ASD1+ASD3_IP+ProtoHop,85,0.09739122246844416
S2,"q0=[0.1,0.8,0.1] → ASD1+ASD3_IP+ProtoHop",ASD1+ASD3_IP+ProtoHop,86,0.09330463938940341
S2,"q0=[0.1,0.8,0.1] → ASD1+ASD3_IP+ProtoHop",ASD1+ASD3_IP+ProtoHop,87,0.08936767074132689
S2,"q0=[0.1,0.8,0.1] → ASD1+ASD3_IP+ProtoHop",ASD1+ASD3_IP+ProtoHop,88,0.08557653484100236
S2,"q0=[0.1,0.8,0.1] → ASD1+ASD3_IP+ProtoHop",ASD1+ASD3_IP+ProtoHop,89,0.08192741011999972
S2,"q0=[0.1,0.8,0.1] → ASD1+ASD3_IP+ProtoHop",ASD1+ASD3_IP+ProtoHop,90,0.07841644857287672
S2,"q0=[0.1,0.8,0.1] → ASD1+ASD3_IP+ProtoHop",ASD1+ASD3_IP+ProtoHop,91,0.07503978828573683
S2,"q0=[0.1,0.8,0.1] → ASD1+ASD3_IP+ProtoHop",ASD1+ASD3_IP+ProtoHop,92,0.07179356505407763
S2,"q0=[0.1,0.8,0.1] → ASD1+ASD3_IP+ProtoHop",ASD1+ASD3_IP+ProtoHop,93,0.06867392310485705
S2,"q0=[0.1,0.8,0.1] → ASD1+ASD3_IP+ProtoHop",ASD1+ASD3_IP+ProtoHop,94,0.0656770249428824
S2,"q0=[0.1,0.8,0.1] → ASD1+ASD3_IP+ProtoHop",ASD1+ASD3_IP+ProtoHop,95,0.06279906034602688
S2,"q0=[0.1,0.8,0.1] → ASD1+ASD3_IP+ProtoHop",ASD1+ASD3_IP+ProtoHop,96,0.0600362545374524
S2,"q0=[0.1,0.8,0.1] → ASD1+ASD3_IP+ProtoHop",ASD1+ASD3_IP+ProtoHop,97,0.057384875566010136
S2,"q0=[0.1,0.8,0.1] → ASD1+ASD3_IP+ProtoHop",ASD1+ASD3_IP+ProtoHop,98,0.05484124092835758
S2,"q0=[0.1,0.8,0.1] → ASD1+ASD3_IP+ProtoHop",ASD1+ASD3_IP+ProtoHop,99,0.052401723468122885
S2,"q0=[0.1,0.8,0.1] → ASD1+ASD3_IP+ProtoHop",ASD1+ASD3_IP+ProtoHop,100,0.0500627565887203
S2,"q0=[0.1,0.8,0.1] → ASD1+ASD3_IP+ProtoHop",ASD1+ASD3_IP+ProtoHop,101,0.04782083881722615
S2,"q0=[0.1,0.8,0.1] → ASD1+ASD3_IP+ProtoHop",ASD1+ASD3_IP+ProtoHop,102,0.045672537757115224
S2,"q0=[0.1,0.8,0.1] → ASD1+ASD3_IP+ProtoHop",ASD1+ASD3_IP+ProtoHop,103,0.04361449346768221
S2,"q0=[0.1,0.8,0.1] → ASD1+ASD3_IP+ProtoHop",ASD1+ASD3_IP+ProtoHop,104,0.04164342130767994
S2,"q0=[0.1,0.8,0.1] → ASD1+ASD3_IP+ProtoHop",ASD1+ASD3_IP+ProtoHop,105,0.039756114280138484
S2,"q0=[0.1,0.8,0.1] → ASD1+ASD3_IP+ProtoHop",ASD1+ASD3_IP+ProtoHop,106,0.037949444914530964
S2,"q0=[0.1,0.8,0.1] → ASD1+ASD3_IP+ProtoHop",ASD1+ASD3_IP+ProtoHop,107,0.03622036672145877
S2,"q0=[0.1,0.8,0.1] → ASD1+ASD3_IP+ProtoHop",ASD1+ASD3_IP+ProtoHop,108,0.03456591525387833
S2,"q0=[0.1,0.8,0.1] → ASD1+ASD3_IP+ProtoHop",ASD1+ASD3_IP+ProtoHop,109,0.03298320880761419
S2,"q0=[0.1,0.8,0.1] → ASD1+ASD3_IP+ProtoHop",ASD1+ASD3_IP+ProtoHop,110,0.03146944879252866
S2,"q0=[0.1,0.8,0.1] → ASD1+ASD3_IP+ProtoHop",ASD1+ASD3_IP+ProtoHop,111,0.030021919804272212
S2,"q0=[0.1,0.8,0.1] → ASD1+ASD3_IP+ProtoHop",ASD1+ASD3_IP+ProtoHop,112,0.02863798942504399
S2,"q0=[0.1,0.8,0.1] → ASD1+ASD3_IP+ProtoHop",ASD1+ASD3_IP+ProtoHop,113,0.027315107780268712
S2,"q0=[0.1,0.8,0.1] → ASD1+ASD3_IP+ProtoHop",ASD1+ASD3_IP+ProtoHop,114,0.02605080687656197
S2,"q0=[0.1,0.8,0.1] → ASD1+ASD3_IP+ProtoHop",ASD1+ASD3_IP+ProtoHop,115,0.024842699744826002
S2,"q0=[0.1,0.8,0.1] → ASD1+ASD3_IP+ProtoHop",ASD1+ASD3_IP+ProtoHop,116,0.023688479410804954
S2,"q0=[0.1,0.8,0.1] → ASD1+ASD3_IP+ProtoHop",ASD1+ASD3_IP+ProtoHop,117,0.02258591771394353
S2,"q0=[0.1,0.8,0.1] → ASD1+ASD3_IP+ProtoHop",ASD1+ASD3_IP+ProtoHop,118,0.02153286399394451
S2,"q0=[0.1,0.8,0.1] → ASD1+ASD3_IP+ProtoHop",ASD1+ASD3_IP+ProtoHop,119,0.0205272436630164
S2,"q0=[0.1,0.8,0.1] → ASD1+ASD3_IP+ProtoHop",ASD1+ASD3_IP+ProtoHop,120,0.019567056680447795
S2,"q0=[0.1,0.1,0.8] → ASD1+TimeRand",ASD1+TimeRand,1,0.8
S2,"q0=[0.1,0.1,0.8] → ASD1+TimeRand",ASD1+TimeRand,2,0.800132546366007
S2,"q0=[0.1,0.1,0.8] → ASD1+TimeRand",ASD1+TimeRand,3,0.8001726982303066
S2,"q0=[0.1,0.1,0.8] → ASD1+TimeRand",ASD1+TimeRand,4,0.8001198035383138
S2,"q0=[0.1,0.1,0.8] → ASD1+TimeRand",ASD1+TimeRand,5,0.7999732759670468
S2,"q0=[0.1,0.1,0.8] → ASD1+TimeRand",ASD1+TimeRand,6,0.7997325961326452
S2,"q0=[0.1,0.1,0.8] → ASD1+TimeRand",ASD1+TimeRand,7,0.7993973118206161
S2,"q0=[0.1,0.1,0.8] → ASD1+TimeRand",ASD1+TimeRand,8,0.7989670373844808
S2,"q0=[0.1,0.1,0.8] → ASD1+TimeRand",ASD1+TimeRand,9,0.7984414524606724
S2,"q0=[0.1,0.1,0.8] → ASD1+TimeRand",ASD1+TimeRand,10,0.7978203001429383
S2,"q0=[0.1,0.1,0.8] → ASD1+TimeRand",ASD1+TimeRand,11,0.797103384750048
S2,"q0=[0.1,0.1,0.8] → ASD1+TimeRand",ASD1+TimeRand,12,0.796290569307985
S2,"q0=[0.1,0.1,0.8] → ASD1+TimeRand",ASD1+TimeRand,13,0.7953817728533942
S2,"q0=[0.1,0.1,0.8] → ASD1+TimeRand",ASD1+TimeRand,14,0.7943769676500112
S2,"q0=[0.1,0.1,0.8] → ASD1+TimeRand",ASD1+TimeRand,15,0.7932761763948999
S2,"q0=[0.1,0.1,0.8] → ASD1+TimeRand",ASD1+TimeRand,16,0.7920794694772041
S2,"q0=[0.1,0.1,0.8] → ASD1+TimeRand",ASD1+TimeRand,17,0.7907869623391147
S2,"q0=[0.1,0.1,0.8] → ASD1+TimeRand",ASD1+TimeRand,18,0.7893988129771189
S2,"q0=[0.1,0.1,0.8] → ASD1+TimeRand",ASD1+TimeRand,19,0.7879152196113913
S2,"q0=[0.1,0.1,0.8] → ASD1+TimeRand",ASD1+TimeRand,20,0.7863364185424303
S2,"q0=[0.1,0.1,0.8] → ASD1+TimeRand",ASD1+TimeRand,21,0.7846626822066665
S2,"q0=[0.1,0.1,0.8] → ASD1+TimeRand",ASD1+TimeRand,22,0.782894317436663
S2,"q0=[0.1,0.1,0.8] → ASD1+TimeRand",ASD1+TimeRand,23,0.7810316639265851
S2,"q0=[0.1,0.1,0.8] → ASD1+TimeRand",ASD1+TimeRand,24,0.7790750928996679
S2,"q0=[0.1,0.1,0.8] → ASD1+TimeRand",ASD1+TimeRand,25,0.7770250059713709
S2,"q0=[0.1,0.1,0.8] → ASD1+TimeRand",ASD1+TimeRand,26,0.7748818341995872
S2,"q0=[0.1,0.1,0.8] → ASD1+TimeRand",ASD1+TimeRand,27,0.7726460373116042
S2,"q0=[0.1,0.1,0.8] → ASD1+TimeRand",ASD1+TimeRand,28,0.7703181030963504
S2,"q0=[0.1,0.1,0.8] → ASD1+TimeRand",ASD1+TimeRand,29,0.7678985469497259
S2,"q0=[0.1,0.1,0.8] → ASD1+TimeRand",ASD1+TimeRand,30,0.76538791156041
S2,"q0=[0.1,0.1,0.8] → ASD1+TimeRand",ASD1+TimeRand,31,0.7627867667234118
S2,"q0=[0.1,0.1,0.8] → ASD1+TimeRand",ASD1+TimeRand,32,0.7600957092686956
S2,"q0=[0.1,0.1,0.8] → ASD1+TimeRand",ASD1+TimeRand,33,0.7573153630924394
S2,"q0=[0.1,0.1,0.8] → ASD1+TimeRand",ASD1+TimeRand,34,0.7544463792788261
S2,"q0=[0.1,0.1,0.8] → ASD1+TimeRand",ASD1+TimeRand,35,0.7514894363006813
S2,"q0=[0.1,0.1,0.8] → ASD1+TimeRand",ASD1+TimeRand,36,0.7484452402877476
S2,"q0=[0.1,0.1,0.8] → ASD1+TimeRand",ASD1+TimeRand,37,0.7453145253518813
S2,"q0=[0.1,0.1,0.8] → ASD1+TimeRand",ASD1+TimeRand,38,0.7420980539589782
S2,"q0=[0.1,0.1,0.8] → ASD1+TimeRand",ASD1+TimeRand,39,0.7387966173379584
S2,"q0=[0.1,0.1,0.8] → ASD1+TimeRand",ASD1+TimeRand,40,0.7354110359176443
S2,"q0=[0.1,0.1,0.8] → ASD1+TimeRand",ASD1+TimeRand,41,0.7319421597828784
S2,"q0=[0.1,0.1,0.8] → ASD1+TimeRand",ASD1+TimeRand,42,0.7283908691417028
S2,"q0=[0.1,0.1,0.8] → ASD1+TimeRand",ASD1+TimeRand,43,0.7247580747958958
S2,"q0=[0.1,0.1,0.8] → ASD1+TimeRand",ASD1+TimeRand,44,0.7210447186075967
S2,"q0=[0.1,0.1,0.8] → ASD1+TimeRand",ASD1+TimeRand,45,0.7172517739551829
S2,"q0=[0.1,0.1,0.8] → ASD1+TimeRand",ASD1+TimeRand,46,0.7133802461719633
S2,"q0=[0.1,0.1,0.8] → ASD1+TimeRand",ASD1+TimeRand,47,0.7094311729616363
S2,"q0=[0.1,0.1,0.8] → ASD1+TimeRand",ASD1+TimeRand,48,0.7054056247848333
S2,"q0=[0.1,0.1,0.8] → ASD1+TimeRand",ASD1+TimeRand,49,0.7013047052114181
S2,"q0=[0.1,0.1,0.8] → ASD1+TimeRand",ASD1+TimeRand,50,0.6971295512335518
S2,"q0=[0.1,0.1,0.8] → ASD1+TimeRand",ASD1+TimeRand,51,0.6928813335348619
S2,"q0=[0.1,0.1,0.8] → ASD1+TimeRand",ASD1+TimeRand,52,0.6885612567113718
S2,"q0=[0.1,0.1,0.8] → ASD1+TimeRand",ASD1+TimeRand,53,0.6841705594401528
S2,"q0=[0.1,0.1,0.8] → ASD1+TimeRand",ASD1+TimeRand,54,0.6797105145919724
S2,"q0=[0.1,0.1,0.8] → ASD1+TimeRand",ASD1+TimeRand,55,0.6751824292845023
S2,"q0=[0.1,0.1,0.8] → ASD1+TimeRand",ASD1+TimeRand,56,0.6705876448729522
S2,"q0=[0.1,0.1,0.8] → ASD1+TimeRand",ASD1+TimeRand,57,0.6659275368752868
S2,"q0=[0.1,0.1,0.8] → ASD1+TimeRand",ASD1+TimeRand,58,0.661203514829476
S2,"q0=[0.1,0.1,0.8] → ASD1+TimeRand",ASD1+TimeRand,59,0.6564170220805228
S2,"q0=[0.1,0.1,0.8] → ASD1+TimeRand",ASD1+TimeRand,60,0.6515695354953068
S2,"q0=[0.1,0.1,0.8] → ASD1+TimeRand",ASD1+TimeRand,61,0.6466625651035767
S2,"q0=[0.1,0.1,0.8] → ASD1+TimeRand",ASD1+TimeRand,62,0.6416976536637189
S2,"q0=[0.1,0.1,0.8] → ASD1+TimeRand",ASD1+TimeRand,63,0.6366763761522324
S2,"q0=[0.1,0.1,0.8] → ASD1+TimeRand",ASD1+TimeRand,64,0.6316003391761379
S2,"q0=[0.1,0.1,0.8] → ASD1+TimeRand",ASD1+TimeRand,65,0.6264711803078468
S2,"q0=[0.1,0.1,0.8] → ASD1+TimeRand",ASD1+TimeRand,66,0.6212905673423241
S2,"q0=[0.1,0.1,0.8] → ASD1+TimeRand",ASD1+TimeRand,67,0.616060197476679
S2,"q0=[0.1,0.1,0.8] → ASD1+TimeRand",ASD1+TimeRand,68,0.6107817964126178
S2,"q0=[0.1,0.1,0.8] → ASD1+TimeRand",ASD1+TimeRand,69,0.605457117382501
S2,"q0=[0.1,0.1,0.8] → ASD1+TimeRand",ASD1+TimeRand,70,0.6000879401000397
S2,"q0=[0.1,0.1,0.8] → ASD1+TimeRand",ASD1+TimeRand,71,0.5946760696369715
S2,"q0=[0.1,0.1,0.8] → ASD1+TimeRand",ASD1+TimeRand,72,0.5892233352273428
S2,"q0=[0.1,0.1,0.8] → ASD1+TimeRand",ASD1+TimeRand,73,0.5837315890013185
S2,"q0=[0.1,0.1,0.8] → ASD1+TimeRand",ASD1+TimeRand,74,0.5782027046507202
S2,"q0=[0.1,0.1,0.8] → ASD1+TimeRand",ASD1+TimeRand,75,0.572638576028772
S2,"q0=[0.1,0.1,0.8] → ASD1+TimeRand",ASD1+TimeRand,76,0.5670411156867973
S2,"q0=[0.1,0.1,0.8] → ASD1+TimeRand",ASD1+TimeRand,77,0.5614122533508706
S2,"q0=[0.1,0.1,0.8] → ASD1+TimeRand",ASD1+TimeRand,78,0.5557539343416742
S2,"q0=[0.1,0.1,0.8] → ASD1+TimeRand",ASD1+TimeRand,79,0.5500681179410434
S2,"q0=[0.1,0.1,0.8] → ASD1+TimeRand",ASD1+TimeRand,80,0.544356775708906
S2,"q0=[0.1,0.1,0.8] → ASD1+TimeRand",ASD1+TimeRand,81,0.5386218897545286
S2,"q0=[0.1,0.1,0.8] → ASD1+TimeRand",ASD1+TimeRand,82,0.5328654509661754
S2,"q0=[0.1,0.1,0.8] → ASD1+TimeRand",ASD1+TimeRand,83,0.5270894572034531
S2,"q0=[0.1,0.1,0.8] → ASD1+TimeRand",ASD1+TimeRand,84,0.5212959114567833
S2,"q0=[0.1,0.1,0.8] → ASD1+TimeRand",ASD1+TimeRand,85,0.5154868199785729
S2,"q0=[0.1,0.1,0.8] → ASD1+TimeRand",ASD1+TimeRand,86,0.5096641903907775
S2,"q0=[0.1,0.1,0.8] → ASD1+TimeRand",ASD1+TimeRand,87,0.5038300297736507
S2,"q0=[0.1,0.1,0.8] → ASD1+TimeRand",ASD1+TimeRand,88,0.49798634274055326
S2,"q0=[0.1,0.1,0.8] → ASD1+TimeRand",ASD1+TimeRand,89,0.4921351295037513
S2,"q0=[0.1,0.1,0.8] → ASD1+TimeRand",ASD1+TimeRand,90,0.48627838393617306
S2,"q0=[0.1,0.1,0.8] → ASD1+TimeRand",ASD1+TimeRand,91,0.48041809163410815
S2,"q0=[0.1,0.1,0.8] → ASD1+TimeRand",ASD1+TimeRand,92,0.47455622798582753
S2,"q0=[0.1,0.1,0.8] → ASD1+TimeRand",ASD1+TimeRand,93,0.46869475625107765
S2,"q0=[0.1,0.1,0.8] → ASD1+TimeRand",ASD1+TimeRand,94,0.46283562565635084
S2,"q0=[0.1,0.1,0.8] → ASD1+TimeRand",ASD1+TimeRand,95,0.45698076951077005
S2,"q0=[0.1,0.1,0.8] → ASD1+TimeRand",ASD1+TimeRand,96,0.45113210334733217
S2,"q0=[0.1,0.1,0.8] → ASD1+TimeRand",ASD1+TimeRand,97,0.44529152309415093
S2,"q0=[0.1,0.1,0.8] → ASD1+TimeRand",ASD1+TimeRand,98,0.4394609032802084
S2,"q0=[0.1,0.1,0.8] → ASD1+TimeRand",ASD1+TimeRand,99,0.4336420952799827
S2,"q0=[0.1,0.1,0.8] → ASD1+TimeRand",ASD1+TimeRand,100,0.42783692560115205
S2,"q0=[0.1,0.1,0.8] → ASD1+TimeRand",ASD1+TimeRand,101,0.42204719421940246
S2,"q0=[0.1,0.1,0.8] → ASD1+TimeRand",ASD1+TimeRand,102,0.41627467296416637
S2,"q0=[0.1,0.1,0.8] → ASD1+TimeRand",ASD1+TimeRand,103,0.41052110395891706
S2,"q0=[0.1,0.1,0.8] → ASD1+TimeRand",ASD1+TimeRand,104,0.40478819811941924
S2,"q0=[0.1,0.1,0.8] → ASD1+TimeRand",ASD1+TimeRand,105,0.39907763371310895
S2,"q0=[0.1,0.1,0.8] → ASD1+TimeRand",ASD1+TimeRand,106,0.3933910549825301
S2,"q0=[0.1,0.1,0.8] → ASD1+TimeRand",ASD1+TimeRand,107,0.3877300708355092
S2,"q0=[0.1,0.1,0.8] → ASD1+TimeRand",ASD1+TimeRand,108,0.3820962536044913
S2,"q0=[0.1,0.1,0.8] → ASD1+TimeRand",ASD1+TimeRand,109,0.3764911378771973
S2,"q0=[0.1,0.1,0.8] → ASD1+TimeRand",ASD1+TimeRand,110,0.3709162194004985
S2,"q0=[0.1,0.1,0.8] → ASD1+TimeRand",ASD1+TimeRand,111,0.3653729540591332
S2,"q0=[0.1,0.1,0.8] → ASD1+TimeRand",ASD1+TimeRand,112,0.35986275693062225
S2,"q0=[0.1,0.1,0.8] → ASD1+TimeRand",ASD1+TimeRand,113,0.35438700141746743
S2,"q0=[0.1,0.1,0.8] → ASD1+TimeRand",ASD1+TimeRand,114,0.3489470184574523
S2,"q0=[0.1,0.1,0.8] → ASD1+TimeRand",ASD1+TimeRand,115,0.34354409581259554
S2,"q0=[0.1,0.1,0.8] → ASD1+TimeRand",ASD1+TimeRand,116,0.3381794774370492
S2,"q0=[0.1,0.1,0.8] → ASD1+TimeRand",ASD1+TimeRand,117,0.3328543629239747
S2,"q0=[0.1,0.1,0.8] → ASD1+TimeRand",ASD1+TimeRand,118,0.3275699070311835
S2,"q0=[0.1,0.1,0.8] → ASD1+TimeRand",ASD1+TimeRand,119,0.32232721928508534
S2,"q0=[0.1,0.1,0.8] → ASD1+TimeRand",ASD1+TimeRand,120,0.31712736366225325
